nft_phishing,source,label
0xf696ab3e4f9d52482b8350ffae67d21fda78e601,scamsniffer,1
0xbbd21d6eddc71151ff4a1d6c99a246ae45c05ef6,scamsniffer,1
0x9a3d3c15f89b4110b274c8b4d5e2e8ddf76ee962,scamsniffer,1
0x00005d0c9ac39db0798f6ca947202e5f55a10000,scamsniffer,1
0x088b11adb3fe9c7142e6d2944ffdc9e78c09d833,scamsniffer,1
0xbe8d7c46dbc772af4d24bb7457587ec09171803d,scamsniffer,1
0x9fe994c0847b2642f860b80c1089db96930985fd,scamsniffer,1
0xb8d263778daa72559caf22444ed477bde592a8b6,scamsniffer,1
0xea0ead526ea8e291a906d0085c4c89d20074d3e4,scamsniffer,1
0x11ad308ead5486c3bacc4ecc7ec4dbec4958162f,scamsniffer,1
0xd13797007bae65320c78f4ae92f5f595769d441f,scamsniffer,1
0x4b1c780947bf727899e85bfecb2d808fb27b9451,scamsniffer,1
0xfd17816c81d27f073c9185b3bfae7f850310903f,scamsniffer,1
0xdf6f7de40c9b8614eb080260aa658fb99adc8916,scamsniffer,1
0x73c5b15cd1c4099a21a714106d36bcb7b8a9ce84,scamsniffer,1
0xe5cd1e341ab501e3f0115b52beac941cadc7dce6,scamsniffer,1
0x8620d40610ea1a55e974daa60416fea5fe699d78,scamsniffer,1
0x000006d683610e61ad9ee4b487fae3904b392b9e,scamsniffer,1
0x61d9a39d56fbace4ddf26a738325ac046cf12652,scamsniffer,1
0x532143bd4d55856ecf4866fa9f882342e4fa920b,scamsniffer,1
0xdb789fd1d874544f5def146073bd70b830ab2230,scamsniffer,1
0x4fa3a7790ba17fc6cb2e49d74338ecdd920ab25f,scamsniffer,1
0x264363cfcd1ec5a0232558a41c560903d6a883b6,scamsniffer,1
0xa9af4652479792ee8cff54bff33033ba890f223f,scamsniffer,1
0xa663f5511d0d2f1b566dfbcf1d6ac11b276b4151,scamsniffer,1
0xc6661014373805405c54e96dcac2d51e00bd128c,scamsniffer,1
0x4e0179be22e84af4d3f9a792cf4d3f5832b63472,scamsniffer,1
0x9b56aaa0937047a211ad41b9ce5a4c0d731a442e,scamsniffer,1
0x7b2c84073582aa37b660ff5048915bc4a1fbd4e9,scamsniffer,1
0xe4c1ad47feace8d1246f8fdcdffcabcc879c4acf,scamsniffer,1
0xb05b23d5ce442481662ca0b270ee3c8946d304ca,scamsniffer,1
0x075d9bbefacb33b7b73ab8559989776fa0107bb8,scamsniffer,1
0xa0038f51429f1b6a72340ada2b317491cadc1546,scamsniffer,1
0x40337d3bab19ee820b46344be523a3a080921942,scamsniffer,1
0x81eb6617ddc5753830b05f8d3c24da3ee72c4395,scamsniffer,1
0x556786088f9874a4a52b478c5374cee901beb43d,scamsniffer,1
0x903cb5c4cd7fcebbd0097db439e15a4d65a98c58,scamsniffer,1
0x4c7984bd3999ca90eb16914bdd9db436a2a8a66a,scamsniffer,1
0xd2758bcb74e34433ec602d3c86b866e1594ffad5,scamsniffer,1
0x4f64e8f52b2a3d45777c4e42fbcbf9e1d036d39b,scamsniffer,1
0xf318f347d6bcb52251c32f290b07ac63efb24fcc,scamsniffer,1
0x5a83994776c9cfa7a049548bffbf003901b9764e,scamsniffer,1
0x750b4868b11f9b6cbbb9e1ce4770ffb8852d0e7c,scamsniffer,1
0x53bacf6b3ed1b0c11d2b3ebbcbd94eff79bb7e80,scamsniffer,1
0xaf92d25248767357041c002ea5ae24ef350102ef,scamsniffer,1
0xdd1e5fad1b867499bfb1987bb783a17ced9a1171,scamsniffer,1
0xdcc8dddd0968583aaccf5918ff42ef33f9f78fb1,scamsniffer,1
0x191326db16ed40b20f716803e299f219cf92ad2a,scamsniffer,1
0x669fa54badd538af64d3190b228e164e3b3da3ad,scamsniffer,1
0x45d2c20b50bd34f09f9c99d3b94ceecf9804437f,scamsniffer,1
0xe334dfd881df87df9763ccefaeeb2c9c84a5af58,scamsniffer,1
0x1c1167aba95a55d33eaf10248dba7d5071cb15e2,scamsniffer,1
0xbe3439bd3794f2775d48e501c9c5e1708514d233,scamsniffer,1
0x92ddd932c53ee820eb9397e03d865392c396d836,scamsniffer,1
0x920ac5b379ade32b6fa8922e34ada3bc96519dd0,scamsniffer,1
0xc66ea26c7f8c5fe08b8a1b0519df9e0b2618e169,scamsniffer,1
0x125df0f86af92b74faea5fcdcdd0344eb087c3b7,scamsniffer,1
0x6b7bd5c336eb08c801e60566a92a8451172bf689,scamsniffer,1
0x449774e801d03d425d370732f3378df5782c6f20,scamsniffer,1
0x9a64c1be24576d72da486f27cfd3fb079380a918,scamsniffer,1
0x1fdeb062c5f37524c6c51d2817be6448ae3ca53a,scamsniffer,1
0xfb4d3eb37bde8fa4b52c60aabe55b3cd9908ec73,scamsniffer,1
0xc5056538b510a898335291b387a35042dcdcb00b,scamsniffer,1
0xcb804f75f641bc6a876aa0b682c1e3d6fcac2a07,scamsniffer,1
0x2bbc6c0827663dc05d5c63ffd05eb624b9edd8b9,scamsniffer,1
0xf53656409045312755aba5a1d6d62307e985e050,scamsniffer,1
0x7df0f9bed21870f4b3e8060ef6f8ef804f03a6fd,scamsniffer,1
0x3c6e151577903cb995baf4583fe4247dc2c2b751,scamsniffer,1
0x7ce41629617d9e71a2dbc0bb855d90cdffcf0ac5,scamsniffer,1
0x8b944239c2b808171ad0c83921dfe429d91afd73,scamsniffer,1
0x6b5b8024161816cf44f3553d76f1e337b8cdb54f,scamsniffer,1
0x7f1c4252c0f2ab6729aea76f4e6de7f4958aef97,scamsniffer,1
0xc8bfd14b558a9265eb2405ea55f26a42cff8b569,scamsniffer,1
0x2aaabdf45bf223283d4bca613c848a11642aee64,scamsniffer,1
0xc81476ae9f2748725a36b326a1831200ed4f3ecf,scamsniffer,1
0x712dd65e00d630b035d1185a61bd902d3a1f150d,scamsniffer,1
0x9a87d4c0a898f3c4c0ed47c551ee10adf234f8b4,scamsniffer,1
0xb3e5c6be2480850d92b9641fd327aa4a7423f95d,scamsniffer,1
0xd7694264c87b864d32b2f4bd14f07b5cdd60a100,scamsniffer,1
0x79c3af7677028e1183c54dd655ef4a9dad7b84b9,scamsniffer,1
0x2f1b74a151405dc653d0ae5ca3a61c60e4cce220,scamsniffer,1
0x9caca9694709a1c120f9422155300d3814da16d2,scamsniffer,1
0x1ba383587e6b6e8925bc2fff5d6165ab8a2eeaaf,scamsniffer,1
0xff53bbd8bc335ee5f5b60dcb76efb2f59964b1a5,scamsniffer,1
0x5b372d489f01c9f54946993d7049cd182af98866,scamsniffer,1
0x6f07183cebcc9a704488ad58db5d93022e2f4173,scamsniffer,1
0xb90ebbf995ad7b30d1a3b2653e1ab3ecc16b9acb,scamsniffer,1
0x34e99d7def1d3da235bdb9046a7ea2cebdd71eb9,scamsniffer,1
0xe36d6371d5742504a8d1679ea7a6aa5d81e82dbb,scamsniffer,1
0x276c094b89367eefad5f3a8545e692cf8a7512e8,scamsniffer,1
0x321ddd97643b8a49c566eddad394075d6de09ce0,scamsniffer,1
0xa69f8d3f55e2010012d59feb359ebbb258b00b0a,scamsniffer,1
0x42bac0718917c3c27d8cb41733e0a4b474ccf447,scamsniffer,1
0x6c18c8039566c823ddb99eaa31e2c391a4c49904,scamsniffer,1
0x6efe8236f3e41e0237d75d14d4cc893e0f26b003,scamsniffer,1
0xe601c884843a075c44c2c0b37144cabda8f241bc,scamsniffer,1
0xff178b609ee25267abdf8641a2cc18cf86f88dfe,scamsniffer,1
0x67a8142d93ec172175bccce4969873058b56290a,scamsniffer,1
0x194c07e44b6a7d3b8c64426f031514700e9281bf,scamsniffer,1
0x85bc0d58556f41f0463927c9dcb81d190f452610,scamsniffer,1
0x6625a707a229c9f77b6dddfe88fa8f6f1a03a293,scamsniffer,1
0xc6f5341d0cfea47660985b1245387ebc0dbb6a12,scamsniffer,1
0x44136967f00f65fafdf27e8b8c7fe5aa7f523695,scamsniffer,1
0x945e5da00ff55feda8c4ad9b8cda225d014e219a,scamsniffer,1
0xe3d77a45330276fccd6f003cbebdbb13a1f76877,scamsniffer,1
0x714f9e905f131a95603530d61d9eeadf884b119a,scamsniffer,1
0x465f1e668ca098cd9fe7bef3c48eb5aaf3868ad0,scamsniffer,1
0xd6d60b0aef43c6054681ee5e6066ecacc137485a,scamsniffer,1
0x32579485f88c817f7eb89999f9ffe4e4a4592af1,scamsniffer,1
0x19222cdb906c6d090a896d102b19116be914e6f1,scamsniffer,1
0x7e56b683b7e1abb561b2581d3de6077ed683b872,scamsniffer,1
0x0f79ac46778e570db5ebac5c08c614448219cd2a,scamsniffer,1
0xd2bc8e2af8b98701fdac23ccb30a1bcdcb2f8875,scamsniffer,1
0x936bb1645379a30b2c6a3e7da9313bd96818ebc2,scamsniffer,1
0x124ba0671024cc8d3df23cee5da034076797b7a2,scamsniffer,1
0x9aa06b7f6c821c1b0c19c4c60ae217b83d4f70ad,scamsniffer,1
0x08ec5448e52775e0311826b92e38e4cc1f8b03b9,scamsniffer,1
0xc5e0ac69131ca5089d1c9f6a2c48148f7ead5856,scamsniffer,1
0x31fc98c35ff935a0730acafeb32b7cf344622dae,scamsniffer,1
0x1feeb5c715def8b8eeea227739aa50a539b3d708,scamsniffer,1
0xbe3d1ffd2a7bea5f91b46a6320f5ceea53b73f1c,scamsniffer,1
0x1ff272d28d7f89455c00843f26d787b3b3245d8f,scamsniffer,1
0x60786b4545cdc03749d6230d31ef71c56151cf6b,scamsniffer,1
0xb27f09b4be98836649c19c294293836695dd97a4,scamsniffer,1
0x96106da84933b3867bbb7c235243ddb0bc0d65d7,scamsniffer,1
0x3c2cb71cc219f30a1c1840addd084bab5e31f8bb,scamsniffer,1
0xfc0f10845dec1420be18816f40cdf79eefbc56e0,scamsniffer,1
0x62474d6c379788be4f9cddc0e67c3013a78522d9,scamsniffer,1
0x3fa8f47bbf2cdd5b01adfd75fa9f0af659dac7db,scamsniffer,1
0x7eebaabe82af2a52949404d377aeff4188286e9d,scamsniffer,1
0xb20d1f946aa917087d9f0fd23eca11bb7e738fcb,scamsniffer,1
0xd05ad33117098b6250853b77d6e4ae07689e09cc,scamsniffer,1
0x567d1775308f920908ca2de61b7667f5cd636558,scamsniffer,1
0xa3fdf93843fa411e9cb9411bd841689ff1dcdbbb,scamsniffer,1
0x4657072869f9619b8f0464eff47a9f23fdb768c0,scamsniffer,1
0xe060a50caacd04e50e66cca80f76962584140874,scamsniffer,1
0xcafdbdcfc075d0b68f2b319ae01aabe40c63a7ff,scamsniffer,1
0x02079885dede256a209c4c056e2b6d5cce64a488,scamsniffer,1
0x157c88c1f0c07d8e2dc4b21b6370147cb34b3a97,scamsniffer,1
0xadb26e803bd5f6287b7329ccdbd31a81baa8e605,scamsniffer,1
0x11efa79e588f4a5c88c2f4652be7c87546fdeb77,scamsniffer,1
0xbcbf47d57886a50ce75c95e411d7e09c2e82e0c7,scamsniffer,1
0xcdb94670ae9b985287363190cc3e9ca46610b685,scamsniffer,1
0xbe659b2fc06e6d54705acbbd1d931cf703043802,scamsniffer,1
0x08a66c51e2d16a44c91592c8d5e62ef94bcbf4aa,scamsniffer,1
0xff30b32c7e7da16cc7cd100a54ecd77b103d1a1c,scamsniffer,1
0xd2e9667e0de2b6b5899fa9530ec5c823f5c0fa43,scamsniffer,1
0x137fcc71e3be35b45e6246e5f3cdcff2c457af78,scamsniffer,1
0x7ac02207250ff4fee68e587ee6571f0725376e96,scamsniffer,1
0x63ae15f74612d63ed5bae303fb1bab66f1b816ac,scamsniffer,1
0xeea751b3c4319201eeda7baf189408bd6f522d58,scamsniffer,1
0xb85492afc686d5ca405e3cd4f50b05d358c75ede,scamsniffer,1
0x3659a7ad20e886ace6dc2b1cdee383c0e948595e,scamsniffer,1
0x8ab0dcb4037130b62166119d7d1e302c21b6dc38,scamsniffer,1
0x289a94694bbd7d1441cbc51ab9be0ae5997e0c75,scamsniffer,1
0xa7d0c0ece37ff638dec6191a048ef15c63fa53e1,scamsniffer,1
0x354bd558a511a32af58f965cb780f66991893470,scamsniffer,1
0xabb8472a739c7c2abbcb0e725fb46a87a4be8f2a,scamsniffer,1
0xbe71c0e9e695810f3a18c1814a93bfb9940c82f8,scamsniffer,1
0x93ee633542a503e5f4d7d813baf3e0b2d5b94531,scamsniffer,1
0xe8d20921738ebb9f38c416cafd49ec406646e4f9,scamsniffer,1
0xab45b218954f0c5c8a88e0b9b33b4c4852c67a5c,scamsniffer,1
0x422e922f018d6661375a7139a89839328aa130dc,scamsniffer,1
0x0b80ace6ba77fb95c61d4832286179ab5bf3fa09,scamsniffer,1
0xaca447eba1d8c9175b276ac7781e09819ed214e9,scamsniffer,1
0x3ea0a4a663a00a9f17f8238c78087b8e51ffd94f,scamsniffer,1
0x2ec00718fbcfdddebeb3a4f2bbec7e82072154a9,scamsniffer,1
0x841eb9c3175638c96c3be91ae7d014df6771eeab,scamsniffer,1
0xb6cee95674be83dbc0e600f60257b8a2141a8b1a,scamsniffer,1
0xbb7e94b6d292443bcf665eb9733a79d27fff8294,scamsniffer,1
0x68f5e08784d6e0725051c8850c016372fb62231d,scamsniffer,1
0xfda3288b42e80ccbf0a0c62b077018d5d7a84725,scamsniffer,1
0xb324c10f5779e42445a70b5ce5331791adcc6f43,scamsniffer,1
0x34f3f4ba979e177a517970e014250cab61a80529,scamsniffer,1
0x8d50d2eeeed7ea1de60c51ba3f767e48dfbd2320,scamsniffer,1
0x02530d90b5555d712d76d3feef3b43fe0afac4b3,scamsniffer,1
0x13563fc204ec40cd52f0429fdf085ce88a55f51b,scamsniffer,1
0xd17552cb589f3fbc2ddf479170b36849d3c56fdc,scamsniffer,1
0x31eeb80f47c37163d2457a1f66a1a89776e7dd47,scamsniffer,1
0x39bc02af76ca261b9bc1ff9bf54696d79ffff059,scamsniffer,1
0x32d4e198de5427bb0fc43e1cb316ecdb3ff855a7,scamsniffer,1
0x1665bd914c07be16293d08b114d790297b53d73d,scamsniffer,1
0xb49fd56a219ee2aa41d8d58df3cbeb3360899994,scamsniffer,1
0xc0fdf4fa92f88b82ccbebfc80fbe4eb7e5a8e0ca,scamsniffer,1
0x4c0c0cf65e31baeb7b9cc104ada6658875cca172,scamsniffer,1
0x49236d2c94f6f223c51e7398d23df812cf662834,scamsniffer,1
0xf7f0c779f7e53f989384f366b955d29203fb44be,scamsniffer,1
0xe4be9c171333171fb2f9e1c593466946d99ebccd,scamsniffer,1
0xadf928d05690a3940b8bb28422076bf06ac43cfe,scamsniffer,1
0x9959e2974a3478101defdab9bb2f3ca05725ba3d,scamsniffer,1
0x0e0bb0cc029c221277329552403c976e1bd176d2,scamsniffer,1
0xb0b5cd643f2a0c4d8f1a35a55f541fed7dbb3976,scamsniffer,1
0x1be4a9079abb69b6e2ad0503292ef7e1ae4853e3,scamsniffer,1
0xc75269b342c1b7f4cbb82e80a7986878ac0f545b,scamsniffer,1
0xd52e9fcb6ab9ba8270de2183e781d98e44f1d8e1,scamsniffer,1
0x10a60f358ce60d538d4f4a46b77c00a5f01bc48c,scamsniffer,1
0xb6280e57f48d7083089d4b87989caa22e1c1b9b9,scamsniffer,1
0x9864d21466010ffac0305ba9e6039976aab40995,scamsniffer,1
0xb42e42c80f6af7b6afd8877f4853f0bbc0eb3a43,scamsniffer,1
0x1d1029baa2be66bd58be041657c9cddc0de4ffe7,scamsniffer,1
0xf02c21668962abba296040c276987ea7fa4d4cc4,scamsniffer,1
0xe9852df43c7d6355d1c417017ea457731242812c,scamsniffer,1
0xef0159e704d06c888a140a50e06b3eab8375b538,scamsniffer,1
0x40c8590f2d2f543689b42f9a1f1872cb7461aa0d,scamsniffer,1
0x05a242216b23a44127c6643ab5a7b90f1193a2ed,scamsniffer,1
0xede26742364289d24a3c17d11b293b09ff63db1c,scamsniffer,1
0xff92104ffa62db76aa7fc9ec97442dacfe05e99c,scamsniffer,1
0x667200d20087357f77a5b5e5805575285ee27571,scamsniffer,1
0x36f0ee52adb16837cde15ea4f7c8b38e7e0f6841,scamsniffer,1
0x3a0581cca42427fe9319c13c56df3a6e16dd7d71,scamsniffer,1
0x119001d47731f5bd8683ed6b9103034302f884e2,scamsniffer,1
0x93bbf194175c0bddb2812f60b4eb70ef2bb17bef,scamsniffer,1
0xa70d0709987c5a27f2bac0f39abbc4d8cf6d03b4,scamsniffer,1
0x0d524a5b52737c0a02880d5e84f7d20b8d66bfba,scamsniffer,1
0x448891c149a699264daa8b9b290d2b5983bf48cf,scamsniffer,1
0xf4f693b1c92e68711c9b48a5e4be605e073f2a38,scamsniffer,1
0x6e5fb49eb89f0e6dd2f9e0220935a0de3dd35485,scamsniffer,1
0x3ed51228140dc85661c4a4b305b9855474557c4c,scamsniffer,1
0x39ef68fea5b33d0aeaa5b0598a7109853c0a1dfd,scamsniffer,1
0x8b10e17e33745bb4ec69aad01e6c4a1db86a4332,scamsniffer,1
0x80b750e36eca41f0d5b96aefa875de133725044e,scamsniffer,1
0xaa1405b7a1048cfe738c8ee710851c434c8eaafc,scamsniffer,1
0xcd4d7ac2676443e375d677fbac163e5f368b4c74,scamsniffer,1
0xe43dbcfe0117d6f039ba23427e68e10cf0bfa116,scamsniffer,1
0x75e44f7541d5ce46f4d21075b45760f109c14b51,scamsniffer,1
0x75798c3c28d95c96705d77bd7b906c2237ef9659,scamsniffer,1
0x29dc991289d6ebe5a25d1444dcd83654fde67d76,scamsniffer,1
0x0a70ee94a9e03ef2a82ebede121a38843a600f44,scamsniffer,1
0x2847d5bbe7e0851533303467d6dadfdf4fcdc619,scamsniffer,1
0x34f77aac4810a075415ba06589d8d76a14008c0f,scamsniffer,1
0x2d25719aa237cd23a214388cd8c8487c7b76dc8f,scamsniffer,1
0xd90f4010d38d9093f90011df4971597c5e3af2ab,scamsniffer,1
0xca16d13d5eed95f200426a9fe7a71d52a88948ab,scamsniffer,1
0xf92e8f57795d50149319c5f4e28aef43afdb4645,scamsniffer,1
0x9e66c0909892d4c4c5cfcebcdc04160bc68266bb,scamsniffer,1
0x7a8bcb8cbb69c65b8ec9b3dec5ca8b7a822f14f2,scamsniffer,1
0xe00381c4904005f84998a43343357b56327d262b,scamsniffer,1
0x0112faf0cc1155f6c277c724c23fcb66f8accdd1,scamsniffer,1
0xb4d1d11458eaceaa8a0105f458c5fc31c9bbe8c1,scamsniffer,1
0x3cca40ac2a62aceefdfef11f821817ba56ef7b49,scamsniffer,1
0xc83c726fc623d482e85a1f68c7beeda70849e4cb,scamsniffer,1
0x61843ec42caf7f3f5e97f96f90725fc7bd3c43dd,scamsniffer,1
0xa5fa5d90ce4e1c41ea0da1d116ba6d3b270a12bf,scamsniffer,1
0x068e755258285ca7b4cd3acb0e855b878e89a9e1,scamsniffer,1
0x10677d8dad1412bf068b9422068759b13b11cb0d,scamsniffer,1
0xadf363c6090f911f20c1b59a99928bcb5eed0e5c,scamsniffer,1
0x685e7db34eae3320fe1673b1507c12b6a6a19324,scamsniffer,1
0x3569563839c4e308f09122126b4fad3ecaa99999,scamsniffer,1
0x710b5bb4552f20524232ae3e2467a6dc74b21982,scamsniffer,1
0x85f1eea6c1159f68742c6c959a6a6d15daaf2471,scamsniffer,1
0xdcdcf1f321ae47eebbe94f695483529d03e52395,scamsniffer,1
0xf89964518fd091aae7dace0132f8ba81e726723b,scamsniffer,1
0x7bc415201e3a17d6624b586aeaefd9e2a0b1b8b3,scamsniffer,1
0x7a4a2cfe122f7d84759e486056d8628df7e86837,scamsniffer,1
0xd10471a6f98be2fa63e8678b1067ee10b151ae22,scamsniffer,1
0x935d9c4da96c55bedd432f0fa73f0958aed3d51b,scamsniffer,1
0x28c8d8709a341713bddb3f555de4ef4448e064dd,scamsniffer,1
0x69b66678ed3d62eea6e3a8b6c4ef9882d40c3568,scamsniffer,1
0x1abf0a2edc83a25f51412d685fe15bb51597732a,scamsniffer,1
0x627fe14e789380067688058c1f23d16b0690eb2c,scamsniffer,1
0x11ceb3aab35e2510d7eee3728468cfea7c39bee6,scamsniffer,1
0x7d8904598e5ec80ffb241349767a1840bd35d51d,scamsniffer,1
0xf3cc7bf7b8cf56bcbe500ff0af063383f97108f1,scamsniffer,1
0xa2247caf5a46bd2fda546d7bea4f83d7aeec0ade,scamsniffer,1
0x307116674a0a2fdd50405d26699596c7f7d76db6,scamsniffer,1
0x29a470bb2dd172340ec113ebdcc2f3ef762ab0a7,scamsniffer,1
0xb6a5b73a09d2baa393498bff8e6af502f57022db,scamsniffer,1
0x6fae7fc943edd3ff852176abe2a1f7e1dd1b94b7,scamsniffer,1
0x32c1e913bc165fefa7cb2f6f15f1671f709c9cd2,scamsniffer,1
0xd2089ff4e050a29e85fb5a447f83628e2a697555,scamsniffer,1
0xbd4fee42893e8bac47541dc2b5229d7139186666,scamsniffer,1
0x0a01f08edd363c2179e0d2c73f147550899b2717,scamsniffer,1
0x82753c8853cd650699e23d42810587f07f98460d,scamsniffer,1
0x082666f545ec0c9aa60f2f02d175da4955b954ae,scamsniffer,1
0x8d30ae75baa378e1194d4f95146b712e794a0c42,scamsniffer,1
0xe484a5b7b865fa138a3c3f8e06a02f72168b6a7d,scamsniffer,1
0xa833ca45dee1a14d2582db2a14e68e309de2dfbc,scamsniffer,1
0x1890314ac916fc0ddb8d5f38d9ddc6d6eb51d12e,scamsniffer,1
0xed5afe2de60281d5247bec81e727c2af0b7d9c71,scamsniffer,1
0x071ed056f3373d0f0190af691dd9735bd7438d4f,scamsniffer,1
0x85b9ec2787d47b2cfc21445d19aba062cc3ce923,scamsniffer,1
0x41126e19981eb1bbfe92b1d1cc4fe7104b044ab2,scamsniffer,1
0xc74cdbbdfcfe02711dde8e7faca0f74186932414,scamsniffer,1
0x09faf279be240485fc8d77b271deca50b52e8899,scamsniffer,1
0x68ae722be0e8d360325e933bbd584de2a434f815,scamsniffer,1
0xbac0ffc1e838555504215c83f497627c921886a8,scamsniffer,1
0xbf3790474b0c2aad0f4783c68323a1c9011de414,scamsniffer,1
0x76c4bf187f40cfb56ee0a5e5f26fa1f804827929,scamsniffer,1
0xc33e89982b55d5cbdc3c651786ed243ab2e635b6,scamsniffer,1
0x0aa7f992dfb485cf9c4fbe9688f1ecdf9e0a15f9,scamsniffer,1
0xfe3179f5e373f266ed0e438b8c79769697436bad,scamsniffer,1
0x403ad631954bb71f4d5476cd61f395f631bc8824,scamsniffer,1
0xda3ffd3fbaa65e04eab0511dc8064effe86f1f85,scamsniffer,1
0x08bc4c07a72fd3bf26565516b5d6de1fee715885,scamsniffer,1
0xf78bf349211877e3b186f284e05a3b54d1daf764,scamsniffer,1
0xa11c13fce4fd7ffd899d05d0cfaefdb869408888,scamsniffer,1
0x54c3bdccf63c29f725dd2d9804c5655c863587ab,scamsniffer,1
0x36dcb078457b8a5cf71e628cf82c4a10ac85992a,scamsniffer,1
0x825b7f43510cdc6113c9c9eb148f2a08a1ed19a5,scamsniffer,1
0x5bcf729e1815879878dbbcb5af17978a36ddbf10,scamsniffer,1
0xad445ca90e15d587b1b6182dd47334a5990026b4,scamsniffer,1
0xaa01c987952db328de3aee15a06f38c7981ae8fb,scamsniffer,1
0xcc3ee5ab82949e84132e790e63a4105b9b599823,scamsniffer,1
0x04e4b9fa48e1bb06070a8d4b0fffafb124d06673,scamsniffer,1
0xb2da7748f16dbddef7c1963000c35b49297a7d06,scamsniffer,1
0xcfe3b948e8bd94d4f22b900a88825fc1e6695956,scamsniffer,1
0x1efb1df5bd17b2b9eafa9d7cb80e54239bb4174d,scamsniffer,1
0x9c5c4ce1454a9e93842cee9ae23563f07419008c,scamsniffer,1
0x3a156d5f158d77c0df74ee6be8fe423a59e92997,scamsniffer,1
0x177bb575b45d059510616a05d301f898dadde294,scamsniffer,1
0x9d3829eaac81a70f62ee3c0b5cc3b3f72f5bd1b3,scamsniffer,1
0xf3b87938cc132833670dc3463fac19656f3c7425,scamsniffer,1
0x37a51fd428bc37d5a3be6c43b32446c602c1983b,scamsniffer,1
0x4a57ae665ce8cc565eba852245da484695ed34ee,scamsniffer,1
0x1cbabbaef4fcac7a239bad0a2e92cddfe69dcf3e,scamsniffer,1
0x3da336601df9dccb0203f57922c919649a8981d8,scamsniffer,1
0xa342a1904b6fc4d659b7dae30fca2e87ef2f154a,scamsniffer,1
0xc092d93795ed6610ecfa9d454d534af3e029375b,scamsniffer,1
0xc9ca30b4b7dc3f2d9f3a618ba411c049d2f5fce6,scamsniffer,1
0xda7773726786caf41eb5343bf06fb66d2f9ce9f5,scamsniffer,1
0xd9480d925e283ebfac31877c5ddbd978185dff72,scamsniffer,1
0x8a68a6e2ca2b3cf5f0c042025af790d983442ba3,scamsniffer,1
0xe555d621020f6aa2cc10d62fe28b41581b15efca,scamsniffer,1
0xbeacbf07229385dcc064276d828abf3468d16de5,scamsniffer,1
0xc5602b6d8f56a145779495d0e21685d5d99c4907,scamsniffer,1
0x879cd104ede6f9e4148ef5a980773a15567b953c,scamsniffer,1
0x59cd817b39a7893a4103212fc434a6b8c172875f,scamsniffer,1
0x8e133cbac54740f9c908d53bbc01b510fe180c7e,scamsniffer,1
0xd2de285bff16440977e6b529b3a79c55130193a8,scamsniffer,1
0xb49dcb0036b03fe13480bf9d55c9694f225bdb2e,scamsniffer,1
0x15ad3b3ec1817e0dc9590cb776a8e9b30870fd11,scamsniffer,1
0x05584179486314536837e181d725e56560044bc7,scamsniffer,1
0x74fc83cf3b4b13bb4900e04c6ce1ff33867e8182,scamsniffer,1
0xc471df5418e2f07cf3c6dddda653bbb60508b192,scamsniffer,1
0x75134927e043e8b6e628ecb91891448773662cb1,scamsniffer,1
0x2408e38c358f1881ee18d6fe3583454ac991e70b,scamsniffer,1
0xca86010bed5f5d50deab2793dc9cafda5145052c,scamsniffer,1
0x291825a139fca1b17f1eb690a5afc913cb8211dc,scamsniffer,1
0xf27c161fd2d5cb03eee272d15c179778252e88b4,scamsniffer,1
0xbdab7c50aa43220d15a11006375c728731d449b1,scamsniffer,1
0x8fbe8655315d6b9ee32fe507db41825ae5b1e770,scamsniffer,1
0x3e54a1fcd9c45e9de7520282b64bb3f8e319aa94,scamsniffer,1
0xcad74065587d6d3ed2299fb120fbcb9f48ad5ccd,scamsniffer,1
0x59e1a078545ca14e0486e663da17321207092027,scamsniffer,1
0xbe03bc41e09809935eeb492a0eb170f92a5ec594,scamsniffer,1
0x5fca7cbce9d89ba2da086bcfae9b9223aeb7e6c1,scamsniffer,1
0x8b631a5a6b4225fc48ef8bfa22cc2dd48ecda338,scamsniffer,1
0x84c5c58476a022e216f7bae80eaafa44a27841ec,scamsniffer,1
0x55483cd25de645fd14d6fa637e55e565141d5166,scamsniffer,1
0x94535803712be3ab6f9c82a86538b2ac15d08364,scamsniffer,1
0xa722cba723d69a21421f2f6b91b074c3c8a27448,scamsniffer,1
0x83d97a71ff3a2cff96c25895530a9a70a67fc496,scamsniffer,1
0x719d6a9282e5976e1f828631c8e940e612739bfc,scamsniffer,1
0x7fe421a8fc84d3c58548e32f5d5fb7a7d5757e55,scamsniffer,1
0x6a2142b66b8d5c991c3699955e254a8b804d3e44,scamsniffer,1
0xd3ed4e39917805550a3fe4bfbc02455fee945e9d,scamsniffer,1
0x013c72cfa8cd9f3291d683c579df6cfeb397a7c4,scamsniffer,1
0x92c582a59582ae1c150e69125b2ea08e7594b6c9,scamsniffer,1
0x2f35c7983d7bd79fbab2c58c684cd050c41abba8,scamsniffer,1
0x4dba22c61b8818c94de797680840d25b1e2623b4,scamsniffer,1
0x7e4384ad48860ae13107b8c8a2b877191edfe2a6,scamsniffer,1
0x4721fcf90fe83f86bffa4e5f224694299b075c32,scamsniffer,1
0x4c3c6fda65cec9fe3fe341e3c494811207af8ba3,scamsniffer,1
0x40881dd5b6482854fc01d010ed99fd346f0608b1,scamsniffer,1
0x97ee8829546b083b21eb47b10a9c8d440361693b,scamsniffer,1
0xe455395bd3468069e0f506e22e13f61666eba36a,scamsniffer,1
0x9ce67dc9856c9f887ef5a80ae2178d5903864155,scamsniffer,1
0xab91d85db1ca6ca2c5e58181eb557334e04bc34a,scamsniffer,1
0xa6523f42b3c437a40c8f123110586829902ae476,scamsniffer,1
0x9ea2780e6e6fb61be3f694f16d265077b751b52c,scamsniffer,1
0xf0daea88c48feb359b653e19699d35013ef789eb,scamsniffer,1
0xa9fac309ea02c09f5eb7137bbaaca80032dcea5b,scamsniffer,1
0xb1ee1226361e45538f4d507111adb76c351a4555,scamsniffer,1
0x000019ef40f8eaab40a233906a5d428418920000,scamsniffer,1
0x00000c07575bb4e64457687a0382b4d3ea470000,scamsniffer,1
0x00022cbef52bb7ae7f7bfe0cd1432897f939d000,scamsniffer,1
0x0000553f880ffa3728b290e04e819053a3590000,scamsniffer,1
0xc657ee14f60fbf33a59ff8881f98656c435c40c5,scamsniffer,1
0x000a6062c17fc59ff7ff5179e4873f09e6df0000,scamsniffer,1
0xed3f9766c191657ef376abb5418e81550a73eb1f,scamsniffer,1
0xe0607a3938a73992d61cae1a4ea8b6dcfb9472cc,scamsniffer,1
0x26538ce2b878b022e728fab851ed8beb1eac382f,scamsniffer,1
0x2beb5c5b5e39da712b5bf0eec7a57e8ae629bf8d,scamsniffer,1
0x8611a984bbbe7cb07107901407be6bb15bb9ad1d,scamsniffer,1
0xb44be502f7948ae709465ba8e5d3d01a67f5be1a,scamsniffer,1
0x36d8d14f768ceb3c63ea4c508d393232fb75eff4,scamsniffer,1
0xa691240845331b8b6855064f670d85038d1d4830,scamsniffer,1
0xa955fd60a3a345250988572f2f88bff432765170,scamsniffer,1
0x02f9e09504c72f55796d779ee95fae6a972cdd3b,scamsniffer,1
0x68adeec1ad223ac71a36ed9a2d2a0ade7ccb1ef7,scamsniffer,1
0x703d371c0413223f77bae1f2aa01248cb8f8515e,scamsniffer,1
0x493f1e3a869c5c559e01ce183417e7575bae3b90,scamsniffer,1
0xa84fabdfaaf3a7cc9c81ccc84922bac84998d783,scamsniffer,1
0x463ee1be94da594c9bee53f6c17f7c9536d537ea,scamsniffer,1
0xd120bc52d73a0f75320be40f23c762b3725e231b,scamsniffer,1
0xfa1cebe7d6924005a592a1e44dac78e88ae05113,scamsniffer,1
0x6b767b688ea87c94708291ef79137029e829cd71,scamsniffer,1
0x43a28e7fe21cfe00b4cbfc8210ecdd5cd01088b2,scamsniffer,1
0x6d643a0fc91a5429ed0746618b1d93d49f38a00f,scamsniffer,1
0x7a9ea59f3d2f058f0bd0e551db66278a5b4bcd58,scamsniffer,1
0x40ad11c98e430f96e17d63eff141aa2a967005e0,scamsniffer,1
0xbca7af384bc384f86d78e37516537b3fecb86bbc,scamsniffer,1
0x70522e99a0852d4218d14ba460aa223a16f5e242,scamsniffer,1
0x41bfcfe373c3c1e33585adf1326bb4f409a2532e,scamsniffer,1
0x91a447507bd5636024393b4d0b8456ea6b4ec047,scamsniffer,1
0xd5cbc5fc254585a4bbc1e195fa86afe43ed0ed21,scamsniffer,1
0x0ffc6712be911a29d2fcedab00901b7c871d29bc,scamsniffer,1
0xfe7978fadab0393319fe6c9947b1765a6a59a6c3,scamsniffer,1
0x0e7619cccfa3e181898e3b885a2527968953cf4b,scamsniffer,1
0x0e2bd0bf9022c5b3994e472333862a8c80a0ffdd,scamsniffer,1
0x0e243df285a3fa69feea1f3c2d9feb71b9f54009,scamsniffer,1
0xaa642b98788ed0e7c83022c99b47abcd1db803a4,scamsniffer,1
0x6d940ac9aa2689eb3deeeaa11f2bf146df83ceb9,scamsniffer,1
0x81a634ac3427007ebfdbc24620a7ca82724c0fe4,scamsniffer,1
0x96a29239a64ea58c224ff6f46ac31f8c7f886775,scamsniffer,1
0x81312d3e749336053f74eced8d29670b20d13a73,scamsniffer,1
0x666b72edd5baee2c939436241441d8210e254158,scamsniffer,1
0x572d53782c7a1d0e11f5ca6c759360be0f058b85,scamsniffer,1
0xa0b4c948cb684919776563a6afc3aa174db2fd51,scamsniffer,1
0x20ccdedb9814c83ba2d663fc04f88c7a61aa706d,scamsniffer,1
0x5919b286ad1f7fef85d539c9b02152f4084add93,scamsniffer,1
0xdc4d51d732a7c8e90727eb3628c89ef655a25ec5,scamsniffer,1
0x00002644e79602f056b03235106a9963826d0000,scamsniffer,1
0x82563ba592986cb277d67b2e7c56ab3bb3fdd6b8,scamsniffer,1
0x80cdb687ed67058fb22bd99c625dd05fe7dada3e,scamsniffer,1
0x3d5caa927ebf2c08bd32e350c0d5783334b9800e,scamsniffer,1
0xf377d7bcc75b5ec14bba6f28f7f64713f47dcc8a,scamsniffer,1
0x208491aff6672b7a8691cfcaabc72dde80240b5b,scamsniffer,1
0x8adc1a6d311753d395c030bc0bd5eac45fd101ff,scamsniffer,1
0xe90dd80112b5859032ffc9b4a4891aea60a35fba,scamsniffer,1
0x0db2e2a4cf21eab3eef3a0e86e9e663f2eb65fc3,scamsniffer,1
0x6666ea71b7c52b61fde5faed791902937986ee1c,scamsniffer,1
0x7c420a00a3264538e0a5c3af4ea02be5af7d8c9e,scamsniffer,1
0x58a64315455f481c1a11dd1313477c7151e4bb3e,scamsniffer,1
0x6317d43b1738a9c0f185ab4cb89901b8b78976d4,scamsniffer,1
0xda4ae08632855123dd23572e18491ff145ed6140,scamsniffer,1
0xace5ef13e0b4fa2beaac957408d6d0936227c559,scamsniffer,1
0x6fbcd9429512622e32329520f3f768d54b8c37a1,scamsniffer,1
0x8e029305a4f769bab3692a883b5e33339e9905e5,scamsniffer,1
0x86ab9109f88c4247bab5e053f7ef0cdeb3544aa1,scamsniffer,1
0x05c7f091f34442cc5938962ad09d1156c05a848a,scamsniffer,1
0x9d8a3f49888d23594a2efcd2f3c5fa8145541a51,scamsniffer,1
0x6bc4895e09b4925c981e602335db93ec54d658cc,scamsniffer,1
0x1277e912ca70b0593dc357bb2b60ee1158117617,scamsniffer,1
0xc3f4c5ebf9d63729404129b5375cab54ba9c9b39,scamsniffer,1
0x62113624103bcb48e710bd00fff6da7f7085769d,scamsniffer,1
0x6e09449f1b52ef4215c9615243f1fb95956d258f,scamsniffer,1
0x92602d03514e16661753c1a170bec9b70e81f2c2,scamsniffer,1
0x47b08f832daece0fcc612fa85ab037b3ca30bb7e,scamsniffer,1
0x4e5c564fe3da52c1f88c6a95163a91d0fdb1898f,scamsniffer,1
0xfedc03052e73ecc83214bd11055841ba4ad96d27,scamsniffer,1
0xfdf2072e2c6fe988792c5251df0333e051301d91,scamsniffer,1
0x411be70a215df02311d62f9a8cd201b38ae4effd,scamsniffer,1
0x02910a95904824aad0ba7e1750f24108fff90a0c,scamsniffer,1
0x034c446b223bb4ffbd51d2e284fe6b3cdd271315,scamsniffer,1
0x64c9066cbd741093abba7ae990afc6e671c4abe6,scamsniffer,1
0x6fe50d3557f344484a20bb01b4d6891f7a1741a6,scamsniffer,1
0x8677df4341687b62c16b22a085f4a4a8e38e545b,scamsniffer,1
0xfac3e93133c980601acb10593336e896b36b7e1f,scamsniffer,1
0x5118e6d7c4653c315a0c013be6a5bd3b5f5d6c3a,scamsniffer,1
0x9150bf530458aa1e6febf68b235189a160b351fb,scamsniffer,1
0xb13f0c8d887d1fe71fbb3cbfbc286583cce1fcc6,scamsniffer,1
0x49dc14dd851b6eae8d685715e12a06cc1bfc5d8d,scamsniffer,1
0x07c2e376b18e8e4af49c0cd590d5bbc964a50222,scamsniffer,1
0xc829700218ca0526eee697f48602aa474a162f92,scamsniffer,1
0x4575875140abbf7cbce7563982e82d4448893211,scamsniffer,1
0x71f191fca1b38e85fcbe2afa90aa3590164677ef,scamsniffer,1
0x82242f63946c6198ec5bdf765bb013995195a586,scamsniffer,1
0xa5e59bb9a9ef8a851205fa0d28938c75ece23d07,scamsniffer,1
0xd6b8c482c1f06265223b8bd0ad6efbf1214a9287,scamsniffer,1
0xa763c8a4f911f8dcae0ceddc77d78bc44617d120,scamsniffer,1
0xd5b6e0aeacf4b17fa522e783a0e82029138111e1,scamsniffer,1
0xf1ba5650a1d9119c8465068df15e35582f074ec8,scamsniffer,1
0x6a4d7d9e9386a4ad055f451c4f82e7b544b89f46,scamsniffer,1
0xdfdc0b1cf8e9950d6a860af6501c4fecf7825cc1,scamsniffer,1
0x2b541be367cedde85dbf1d66ad503112060b6fc9,scamsniffer,1
0x26b36d2e8f39d853d89ab99962bcfc65da7087e3,scamsniffer,1
0x1dc56ef7aaf7a0d68c37281b21136ef2e807d444,scamsniffer,1
0xf9d40213ad5e55c775e660a3485c04ae88a0ab93,scamsniffer,1
0x7aaa7de0eb6857519152a7f675a05d9f89427893,scamsniffer,1
0x8e4390a8e1f8e159de0afeba0588e45341e59bcb,scamsniffer,1
0xa6a8dc7904911b23347989eac761e8322db67018,scamsniffer,1
0x8c4a5c29a1e94a0e88f42ab172501a34b0d2c38f,scamsniffer,1
0x5a8fd953eff277a3b98fd6e6009ec63b8e5a97e6,scamsniffer,1
0xe8c358a1f8847bbdd231176338f035ddd330b24b,scamsniffer,1
0x94218b31f29de3fa66cb012de95bc29c183842bc,scamsniffer,1
0x80ec7f1dd22149fe181647213820c46e90e74489,scamsniffer,1
0x30dadfcbcf672a3be8fb67aacf001d56929ff7ea,scamsniffer,1
0x26bc917f6b1a162895b28a92b4a7c17da772c1d9,scamsniffer,1
0x3895c7e8c65c4ad1102e16689a9f83b56bc67c14,scamsniffer,1
0xe983a68892fcdce95c4eb2d141d8456e1e702025,scamsniffer,1
0x0cfecfb3796ff3ce2e0f5a63edab9f6597fdf87d,scamsniffer,1
0xae13aed4d8e4889cc95e734571f27cfaaf52cf7b,scamsniffer,1
0x09cc2c010992471089627f9d32e3b11bb6d4bc27,scamsniffer,1
0xe995269255777303ea6800ba0351c055c0c264b8,scamsniffer,1
0x518a618d7f5db8feaed345a11d35530104d63401,scamsniffer,1
0x1ee7dcab7736b6ee09f0f4f986f0e46ce2f29a67,scamsniffer,1
0x5b84abfe2dca43ea5d0ab3ce3799c330995317c8,scamsniffer,1
0xad7131b14f9c65457a13e480a7c80a07d9c09b00,scamsniffer,1
0xacf2ba7f6420a602210c1eade6f3b3342b6b6756,scamsniffer,1
0x69227919ef39aa8c1aa5a56ba738b52986dafabf,scamsniffer,1
0xb4517d07f2603c844bfea3f653758ad8e399c3fa,scamsniffer,1
0x1572e6d687a79a30b7e25e4f3837f7af2ee442e2,scamsniffer,1
0xc370f33f595913de942457f5c39870a34c4bc3b4,scamsniffer,1
0xf591add4f116e9b4b94e17915c963e9b5466720f,scamsniffer,1
0xa74675f3b6cf874b1e8a03003599333022b4c76f,scamsniffer,1
0x852e9bef1b4f6b9c3b8da53beb7aee022618af0f,scamsniffer,1
0x92f5ae24da305f6fbd2d62586ed4de84ad05650f,scamsniffer,1
0xe464da92a137365e0bab6b7b122465a36310bfb3,scamsniffer,1
0xe633b1bdb45c36ef477dd454c64513d36e8b1e13,scamsniffer,1
0xc2e581f7fd938e3e484810a30ac129231b6e414a,scamsniffer,1
0x78e6b2a07cdd3bc72501809ff08005565998fd10,scamsniffer,1
0x65780c01487d68851b12a3e023cc474c3fa2ff2c,scamsniffer,1
0x7502359202de8f2ebaa7229850b4387e1da43b63,scamsniffer,1
0xd2356c12b2962a2a218870ab5c0c2a0ff480325f,scamsniffer,1
0xe89884d9f1743ec12dfac444034406715699c181,scamsniffer,1
0x635241d839ecbdc5eb47874138053288e92f4dbc,scamsniffer,1
0x0b3e87a076ac4b0d1975f0f232444af6deb96c59,scamsniffer,1
0xe9979c071e8d8ce04b917a6e88f1c82d8d8e5b89,scamsniffer,1
0x6651c325047d482f9e16a4f986db33508d89dd41,scamsniffer,1
0xfd3b554f42e473613545a0f006e48de34a0b95d6,scamsniffer,1
0x301b926a6853112f2aaebda1e14de3bbe757b277,scamsniffer,1
0x000000b0fc5292c824cfaad9eea42b8040c33eeb,scamsniffer,1
0xf358da5a928cd152226249fa06d580655c66af6f,scamsniffer,1
0x8804d09aeec11eb69808bf9cbdfaf9ed88b4bf4e,scamsniffer,1
0xf873e25c7c5149f21beb8b3f951bb281da16ffd1,scamsniffer,1
0xa3c88e140367547d11cff2912d00caa3fc442d67,scamsniffer,1
0x82d8f4061fcc75d5dbd7904fd7799a402620dc19,scamsniffer,1
0x9809967c396dc3f00e1eb032ae9b416bfcf0d07e,scamsniffer,1
0xe4eee394be21bd1aa4915126f17cc5877c28eb6b,scamsniffer,1
0x1fb65ff34b806033ddbaf01a2c80d7263b314346,scamsniffer,1
0x3c6bab999cfe6412645f996fc36d8033ce85f7da,scamsniffer,1
0x17504785059123e758f1cd2bfa00ab45b613f9e5,scamsniffer,1
0x7d21e718ecf7e5186bd6fda9ff034fd6252f6813,scamsniffer,1
0x4c0c28821cb724692499e65ce7134c20655e5681,scamsniffer,1
0x2d488823ee2e98c6ad458d3d233d2126c7ab068d,scamsniffer,1
0x4258ebe8ca35de27d7f60a2512015190b8ad70e7,scamsniffer,1
0xf2388f790ac052888eee91d8463b257f0b9d2b42,scamsniffer,1
0x55e712a70101028781af5007fdd05ea23f91e725,scamsniffer,1
0xf8663df7b1943b9f5a4706812edf4a8b41d98e8a,scamsniffer,1
0xfcb4533ebbac8ded9d09602be40992fa109768c0,scamsniffer,1
0xe6b2d077ac5908260d2dabfbc7ce5fdc402a6c61,scamsniffer,1
0x4d53869f39e4258f3759783390241f209af6416d,scamsniffer,1
0xb476b65a032ad3e5cd90a677cfe6d072f6e7ae37,scamsniffer,1
0xf7d7e69023b48eca13baaecce954d7cb6e4169a0,scamsniffer,1
0x5a83a53e27d4d039950aae2142824dabbc192475,scamsniffer,1
0xe7ebb56edf0cc4108060309e4cdd906448b7701d,scamsniffer,1
0xb2cb818071118cb022567d6bfb0d02a685a0d2f2,scamsniffer,1
0xc3a1fefb4d1caa2082102d54a968a478379a7681,scamsniffer,1
0x9d50f8b26391fbc078a8cdec3fbe8e63d67b34e2,scamsniffer,1
0x9a0525016ff2f6e0c63214a52bc4adce3be0a990,scamsniffer,1
0x6f1ed372edceba48db7fc5e80e67d6166878f62f,scamsniffer,1
0x03d3b9978007fe0512a28311747f36ada73f4962,scamsniffer,1
0x80646e553729a02158b240b81a8130f8f038e430,scamsniffer,1
0xa9a1f8833f0d0161f4e8f90a418cd7700f940771,scamsniffer,1
0x945d368abcf2bef875853bb1855c502c873060a8,scamsniffer,1
0x3e1b1bf9ab7d3285ba19cd2379317b0b54cfd750,scamsniffer,1
0x9fc2a70958814178b9b588bf7abd691f0011f030,scamsniffer,1
0x56ef70c45810dabaa79a3f8323f0c9cc0f42b2a3,scamsniffer,1
0x656f840a06c769f44b7d39a1df04897af052795e,scamsniffer,1
0x7d975ed609b30b95b6eff132cb551f4be82d5b75,scamsniffer,1
0x053973d64ee9256d6957e3c5d2b5dd100064f07f,scamsniffer,1
0x7d67cd7b3312db5f2f7cc6115ee01304c96d85cf,scamsniffer,1
0x582a7558ee8950a8ac4a739c96c0eabf35e3bb50,scamsniffer,1
0xc48ad449a340d789200604e278f3e08d5414f3ef,scamsniffer,1
0xbe54de17ab2dc21bb8e706c435faf35539a51c6c,scamsniffer,1
0x82e29793c4a0785c556806a74b5fffca30f33d78,scamsniffer,1
0x29a003692a4fb37fb3c780720514a0694e6704d1,scamsniffer,1
0xbf29b773efee4706468b383b50247330ee78c242,scamsniffer,1
0x215571865c74710525a334ae1c3ceddbd3ba2699,scamsniffer,1
0xb6137eb8398ad05e04699e9eb3cc73d35f146872,scamsniffer,1
0xa7b1ae65d2f743870fb96950b3bdf0940f2d9b1a,scamsniffer,1
0xa0a10de075d898c6e36259bc8e97c5b6fb9cf58f,scamsniffer,1
0xb97b9868415cb60e79611eac02c131d50856f0d2,scamsniffer,1
0x50d8088d81b5fc0e55e470bc2ef001a7f5415a85,scamsniffer,1
0xae44ffba176b1ee04cddc820d320d30df83600d8,scamsniffer,1
0x32e981224d1633e385b62e068d8c5b3ee147bbf5,scamsniffer,1
0x92d2f52ce80161b8debd5d34ee454cca2112f44d,scamsniffer,1
0xb511a1e1fee0e2a41ce40e50b63325b22ff40225,scamsniffer,1
0x75e0158fe7b15b8ff3e7ffb40ef2f9b077ff0f70,scamsniffer,1
0x912632eacb36cedb9cac05e21ae71a694eedcad5,scamsniffer,1
0xf0b9f6929e6a99a1e32c6a471ec85b9acfb42605,scamsniffer,1
0x2170ed0880ac9a755fd29b2688956bd959f933f8,scamsniffer,1
0x865acd696c73d2a26ef4ff1a974c1fad6df3fb8d,scamsniffer,1
0x8da07bfbcb9afdf8c238648fe749a8660fe8a62b,scamsniffer,1
0x9afdbc669f83f2eb81f5cb3c12d26454cb9c0e27,scamsniffer,1
0xae199365a05fbfb16fa63aef80e4c32e51d383dd,scamsniffer,1
0xe10da2c1edac5e2061b19b3504a7608142d96f59,scamsniffer,1
0x7e92b316d18459e859f33d345d41db6c6d90f615,scamsniffer,1
0x691ff47ec401e32341a38917335a6abfd08bf79f,scamsniffer,1
0x2380fd8b951b6d53c014bb12e8108fee36c18fdf,scamsniffer,1
0x0dde54724dada3269ba914107c15ccfdb76fe56e,scamsniffer,1
0xaf0a2ac65599e8a9826f969260d0b3f677bdfd08,scamsniffer,1
0x3b37e90a131d8c531903bf16d005254345677d04,scamsniffer,1
0x65821b06d16832cd8d00a1bfc326565cc00bf48c,scamsniffer,1
0x4dbc6e86be8d10c8d8d6188114cbb79ae4b09e7c,scamsniffer,1
0x6fe2ee963643ac7e480aacafefddb3683e38fcf9,scamsniffer,1
0xac8f8a4f693c6bef022d31936fb75e12172efaa3,scamsniffer,1
0x81cdfb123f25ab1bc00aacce106ac84e7fc84d5b,scamsniffer,1
0xde2c31c9728ac89ec53f744e2f6e87afbb4545d7,scamsniffer,1
0xb531c9fd5cd3119f9e33c4a9ee4844798e0de87a,scamsniffer,1
0xa7a30830b1df1347de54773b6150f89be5284ddf,scamsniffer,1
0x39e8554bc14b4709827b117eba728e6fc0f4121e,scamsniffer,1
0x144115e7175fd05fc67ce89f2634e961c9ddf7f8,scamsniffer,1
0x09851ce72e703fbd2b009ed26db2847cb2ff482b,scamsniffer,1
0x10cd051bd70ce950fa7158db1607d90208e50ad9,scamsniffer,1
0xd698402c42e07eaec5d6847a470e5758db823827,scamsniffer,1
0xf919aa7b84c9e1fdbabe6dde66fee9d687697d66,scamsniffer,1
0x7087c50aaf47dd3236ae138abaf21b299d7c9331,scamsniffer,1
0x462c354676285527cdc40be952e3af9311d60d48,scamsniffer,1
0x247749ce1a5af5761b9b9d544e7af7f2dfba8759,scamsniffer,1
0x88b54da6c7b14f699e998206a2fb95721be2d3e2,scamsniffer,1
0x42b168ea09ba9f1657b5334ec1ce0f3b7d1b7de6,scamsniffer,1
0x2cbac16b230dd3bfa0463785977ea0ef954c4bde,scamsniffer,1
0x880693f6fa17395914a9c6f280f6af6eec6ea195,scamsniffer,1
0x9307d0730bbe0e2df8f747e3f693772ad83debcb,scamsniffer,1
0x9d488e334bb32fb3f397c768ce54c50a506e6e0a,scamsniffer,1
0x81f600443f72de2d889463674469e759522fae7e,etherscan,1
0x833167bb2a4f348d5330da55b3c6dfbbd554dbf7,etherscan,1
0x84269c826cd7506d2e7f3c61b0f98c035a5ac2bb,etherscan,1
0x00000000072d54638c2c2a3da3f715360269eea1,etherscan,1
0x87d4fca75a50420e065a69a6e75e34aab09152b6,etherscan,1
0x89b0ee7a51efe05b0058b53bbc8457025daa5bc1,etherscan,1
0x8ac5a96121b5cdbe08865021762967252d93fdce,etherscan,1
0x8acf2c07847b18877a1390b44bde5a928c2504b3,etherscan,1
0x0945198dd98c78d88568004d775e33800cfe4bfa,etherscan,1
0x096f226b05777751047d1caa8e06f350fa7c4677,etherscan,1
0x8bec4d048dea07f3cc8b04151a99ca84ccb72f2e,etherscan,1
0x94d4bfc4624775c0bef1cc91768e03fe0dfc05a6,etherscan,1
0x113a78fb02e67875f781b5b4427730dd7c70ae2d,etherscan,1
0x11a2356ed527b87e502c19ac85cdcf2b12c975cc,etherscan,1
0x11c7c3157e3226aa2cde1278f40acc85cc127c60,etherscan,1
0x9eeae7b71db4885a5b015941f5a14519b02bc0fe,etherscan,1
0x9f6a6b61a46cd68180bfd35da2996721b60512cc,etherscan,1
0x1b18b87ba3258a61d8563478e0138b75c2df903c,etherscan,1
0x1f4c5ceff08e252be8f15377a69145c77802ece5,etherscan,1
0x1fa4c51efacad606e83cf951dd71f819c8f6273f,etherscan,1
0x20c6082fcdfc4304fd203d0bf240abc3e439f885,etherscan,1
0x218120bd6a7d8b30282e4520644964afea4d0f2f,etherscan,1
0x233a939cf56b10d4a5cfc1473fb3ea3b4bbafd5d,etherscan,1
0x2567921b42dfa7788cf5df251c4c4278c281d33a,etherscan,1
0xa1663fc9b35a143d37f46b8a0c0f9bfcdb2146fc,etherscan,1
0xa3030970721a94648bd886b1aa6a6d7af091cd26,etherscan,1
0xa3825b5583f5249e9227fdeb98a4507346633d36,etherscan,1
0x262441a1a31b44b469eef4380ec7de275c17e890,etherscan,1
0x28733543ec21dfd4dac3fa2d7ad74d6c6d2bb49d,etherscan,1
0x29d83caace6ad072f4d21f62ba74b50c17f0560c,etherscan,1
0x2a2f378f41567e48ac0d4321540d1bdb222c4a51,etherscan,1
0x2a6dc60b69db6e122a9906a859173219fde296a7,etherscan,1
0x2b2de3ba552b302df006f2a0c5d3c1aec4b380d6,etherscan,1
0x2ed8eb69ac7f09c4f50e5907807675bbc8482729,etherscan,1
0x3435178e61336bd1368c9261c99741618eca0585,etherscan,1
0xb35aeb73eea57162a0b0859a68694fd5e545b798,etherscan,1
0x35e388b8b956b8c303ae2f52ac63a1daaebe3dd1,etherscan,1
0x384a09cee82159a207d026f642cd2f9249e03f7e,etherscan,1
0x39d80d7de4345821b6691ee6d71347323a8178c9,etherscan,1
0x3e0defb880cd8e163bad68abe66437f99a7a8a74,etherscan,1
0x400d112abcf6cb08fab1116bbe84115e7f6e2e6e,etherscan,1
0xbdc64a98ab025e058ca8ac2e2383f0cc017c6e45,etherscan,1
0xbe82eb372612379572a4772c6a1a27a402ce3c1a,etherscan,1
0x423e48678721f66af6de9cd46acd318ca52585c9,etherscan,1
0x44096b189e3c6a8ca0408fdac608234abbf84b19,etherscan,1
0x4461b8ba72c7d65e0fa59e8a448095e1b2e01485,etherscan,1
0xc1a0c058d417496e5ad26702e016d9f9da00614e,etherscan,1
0xc8bd8a024d829cb2cb29d28efd463fe010d58c17,etherscan,1
0xcad7fc974f61a08adef110d1ba446fa5b5b5bb27,etherscan,1
0xcdb07cd32a92f6c25e490fe0563612b9430abf8a,etherscan,1
0x4e02375a803462fe27cb489e7c16ade676f13cd8,etherscan,1
0xd599cf7c482f5da1b98d470e19b7391c2f161b24,etherscan,1
0x50bcbc6ddf33ad3e03602aa03cf93d4a32d65ac1,etherscan,1
0x5131327d6c73edbab590b51ae085d036c3b131c0,etherscan,1
0x53efd488038e5f8c4a922a8ad6498fa1cd7db3da,etherscan,1
0xd838c8f2a55562da7f62ec48ea8e6c11f50b2c9f,etherscan,1
0xd86f5b3739913b99fcf6e51c6e5e8f1f714bd187,etherscan,1
0x56cb13eda6e4af605efd0f6ba4101ea17b6a8590,etherscan,1
0x592786d46f25bc328f43f71bf2e56584513cd5e2,etherscan,1
0xde6135b63decc47d5a5d47834a7dd241fe61945a,etherscan,1
0x5b8ac72126c5e17eef19fcd2ee32dbbd83430d32,etherscan,1
0x5baf26feda7361b8fe52362169ec537f3a8b8346,etherscan,1
0x5dd7a80b127cb35b1d8e1706430f36295a0a6fcb,etherscan,1
0x5f3b5ec9a063a0d94e3d1ab3b0accc8db8d110da,etherscan,1
0x5f7a8e85071e992473a016529b86c6bf0c4e50a4,etherscan,1
0xe1da53dd648990afd779e2589a16f34549310c0a,etherscan,1
0xe2e0987f872fe051f24ddc5bda88064e6960e226,etherscan,1
0xe3b4233ea0ff16ac7d62064d13e7afaa51381590,etherscan,1
0xe3de02fc19a211c73a6596db5e41f5d0e9fa24b9,etherscan,1
0xe60875c99819feb167f43561d291039dd1123fc1,etherscan,1
0x645daa8cd7f757ac644388e3b132362cb708c96c,etherscan,1
0x64dbefe57dd36d79df7a0800a55f077d17113b38,etherscan,1
0x6549497a279093c0f5dacd887f8e1873962a44a5,etherscan,1
0xe97aebc8899b1e96f47f8c585a6ff30776e88129,etherscan,1
0xeaa20d8e3f20598b0ed4f0c743ff5bdf12a10f6d,etherscan,1
0xeb5d1ffc2c8f05464e9b64aab4cccf1eb6706d8c,etherscan,1
0x66cf9f05c54ed17d5ec14ac017807c4bd33cfce5,etherscan,1
0xedfbcdc4d48634c8b1b6ab6bac2fff60cd197dbb,etherscan,1
0xef9a5a27d876102256e24478828dc134abd2426b,etherscan,1
0xf03eaedc6eb086f7fed66417e4214963e12142a4,etherscan,1
0x6f7a49da0f184509814039956137dadb9ccda4f8,etherscan,1
0xf3b0e34b86ccd3c7fd57bc52473df3367fc96a16,etherscan,1
0xf5336d401c18e945f418b4977aa763effc9fcba2,etherscan,1
0xf536c18618515f64961c766f05fa779affda324c,etherscan,1
0x733e80c0e11611877dec337017e5d4e875a9d352,etherscan,1
0xf858bd7b7c01d5cb97178373ef7eaed344378b38,etherscan,1
0x76918c2c32931197de368e90213b89fa12a56a15,etherscan,1
0x7b532f02726e66fb9447cac7d5a028b9c2a69a5b,etherscan,1
0x7c8af8638248586d3ba775c8a4178f59ef993d05,etherscan,1
0x7e4c81900eda74445ccbf0829d969150e716ae20,etherscan,1
0x7e57ac7c18dd697a12a346ee59360ad970557c20,etherscan,1
0x80ad4d5b71ccb0c2417337bfcaead6521255f24f,etherscan,1
0x848668c8c07924d77a600df4033c6e3170fb7aed,etherscan,1
0x84d785f443df8f1f4e113fca0b37b0fb59c8a0e0,etherscan,1
0x00b39ce0c12206d88283be1db5a2505f6e90d23b,etherscan,1
0x096dc87c708d96033ab7862b14a6f23c038a9394,etherscan,1
0x09b5027ef3a3b7332ee90321e558bad9c4447afa,etherscan,1
0x8c7934611b6ad70fbea13a1593de167a4689b9a9,etherscan,1
0x8c9492406473d9bf12dc669d5d1f74ca151d5e57,etherscan,1
0x8d0515279ad1be17d8d3088e18ad1d5fd059a0dd,etherscan,1
0x8e9c9d40cd0867fd17ce7d45781c9145d95b8dac,etherscan,1
0x0bf4a182b52ef3ac75241377d12e11cd9e870575,etherscan,1
0x0e2fc0b302bde3110858cd882cfc9690e67e2d13,etherscan,1
0x925f59e68bf2d218ae6cb42df763ae25c6f2e140,etherscan,1
0x95e525f434315eab8268fdc0cfd0555eb87a48cc,etherscan,1
0x1164246850f8fca79e14fd256fa6b6dac857b873,etherscan,1
0x1aa18a80822b3fbed557f279b8666bb4962ad6de,etherscan,1
0x9fc8265f2b376084423a1a348a89ecd894a9d106,etherscan,1
0xa888868100e2a027ed97425a2307958b99a9495f,etherscan,1
0x2100ab6ac2036ca99da90ffd4077f0c98af309ee,etherscan,1
0x242f6730830c4ef6b1c98930dd8e4e71854897e2,etherscan,1
0xa0e85568f513a9cb128868b2b9000d26d86c36a4,etherscan,1
0xa2b3357c4849ef9aa0b5624151af581eacaa200e,etherscan,1
0xa39c756dab8414c88780d5d853c04ef1abb9a48f,etherscan,1
0x26a40e8dbdb0dee17d7036fcc0a2ae3fecf4800d,etherscan,1
0x29d7d1dd5b6f9c864d9db560d72a247c178ae86b,etherscan,1
0x2a013a5062420607038c1e162fb46a177dbb287e,etherscan,1
0xb41e4d93568e16e8458fd58ff42d49d3068082cf,etherscan,1
0x37c81cc9ff71d0f97849a947bf22e8e529b72230,etherscan,1
0x3a7c50f862061bf4bdb58266504c8d60a5715590,etherscan,1
0xb66732ca0103b56fe9a8f598d6bf97b0c9536059,etherscan,1
0x3f773862afbdfb7bdb49de2d730a173a6a24c072,etherscan,1
0xbebb35aa51cf29a6c345b18416076d0ce6e3425c,etherscan,1
0xc045ea08ad10d23d8bb4d7a84e9351dee3614dfc,etherscan,1
0x40b584e60740ec2ce4701ce9d8b1fcfa9cbd4101,etherscan,1
0x41467711f2d1f6021119ffb113ae0e78251b45fa,etherscan,1
0x41ad2bc63a2059f9b623533d87fe99887d794847,etherscan,1
0x425c1a6ea77006443f77ab45a1e80cbb5e471b5d,etherscan,1
0xc689a68e44cfcaca9c2b0e5a80c15639427b11b5,etherscan,1
0x486d08f635b90196e5793725176d9f7ead155fed,etherscan,1
0x49a74e38d4d46beede12792a5d0a500ca823d979,etherscan,1
0x4aa65136a914a90864c9244e6183e8137b632c16,etherscan,1
0xcc661ff19fbd11d28ed3d48c06e8ac7fd89152b0,etherscan,1
0xd4fe65424fc63932a19299ea0c9534b685f80238,etherscan,1
0x51700996a6b66d67ff2ceeae5919cbd26a3f453f,etherscan,1
0x5309aeec7117481db46a4fd6d8195b2345a241e3,etherscan,1
0xd82bd233b9e1a75dee20dce1ba2441c93628c48b,etherscan,1
0xda28b1eb9450978b9e3fd6a98f76a293920ce708,etherscan,1
0x56db1201d1a37c9b3f2f8be600cbca6ac656473b,etherscan,1
0x5aaf521411379ba4cddcfd7e24f8ef71881c6305,etherscan,1
0xdf9191889649c442836ef55de5036a7b694115b6,etherscan,1
0xe01a08cb439302e485b208f4c29d7b755352cb11,etherscan,1
0x5de68a6095965a105f2588b40c5492d03d1b3516,etherscan,1
0x5df6ffed8b8ac44c49930a5ae9b39c94a9fca351,etherscan,1
0x5ed2dec70d5d3c09fe3521a3c72f0b4389f5fa13,etherscan,1
0x5f292c79abfabd94cb1e66218f3e89f508ade96d,etherscan,1
0xe2b7a0c7bc21e000b8327713513b9d4d2620a414,etherscan,1
0xe34f004bdef6f069b92dc299587d6c8a731072da,etherscan,1
0x608709239aafe2cfd584a3864b4b2cc7aa351770,etherscan,1
0x624903e24b0b8f5d9d10e9dd633f05d2479500a7,etherscan,1
0xe84d4e6451119f49f24f13caf13fbda331c2245f,etherscan,1
0xeca2592e788c76f2e3cd4eb6ffcdbe5cf8141c72,etherscan,1
0xeeefe6e1c11f87c56492876305c87a7bd122e77c,etherscan,1
0x727a4bfe7fb2f70c218a2408709651706ec60a81,etherscan,1
0xf91f7b551505720786e9098d6b8a2b2ddc7034f5,etherscan,1
0xf99c63e7eb2cb0f84bc78f8f5582dd6e7bc8eb8a,etherscan,1
0xf9c8c57fe9eaabc5dfef8a8d03ef308f2a28c91c,etherscan,1
0x7cdf272058894f70e3a7ace593628ad2bc0f574d,etherscan,1
0x7ceaed281a55416a8842c033315a048bc9c77caa,etherscan,1
0x29488e5fd6bf9b3cc98a9d06a25204947cccbe4d,chainabuse,1
0x9fa7bb759641fcd37fe4ae41f725e0f653f2c726,chainabuse,1
0x117e38df298d62e7da156b20f2016b5d21b4e6eb,chainabuse,1
0x29bc6ee3ce5a8d498414cf8e0735bee01a7174d6,chainabuse,1
0x8a9b55db4518f6c9d86c952543f220e05bff84f1,chainabuse,1
0x1372d4b8c5fecaa8571632cdee93b0d8dadebf9f,chainabuse,1
0x41aff88297ec7bf377c76cd6bd44dbf00d7b0b3d,chainabuse,1
0x92c39077bf09cb8149b0222a27785f724ec3d27f,chainabuse,1
0x18d0230037cbcc426d49687f5ae309aa5b9306f2,chainabuse,1
0xb474f03c2c1e15596260cda307f7827cdd3fb749,chainabuse,1
0x8f697f78391cf9e0c76f3ee3d21c2a8099bfc74f,chainabuse,1
0x1495b8cd656cffa212718ce1d5148d5b06dfff68,chainabuse,1
0x366ad1e1dff2c125ba63b6a088d6d2d8bfd7363a,chainabuse,1
0xedfdb6d56bfb8a45938e815978d101dcd75476d2,chainabuse,1
0x572a19431474f1fa83d51ee7d730fa37e73ee85b,chainabuse,1
0xaa18164d0b6139ccb9227de28dad2571e38303c7,chainabuse,1
0x90810bd47f4b77ef23d62c6d3654d56cd5e43a87,chainabuse,1
0x9c5ade1199d5ae603a01ec905aa0b048a70d6a0f,chainabuse,1
0x85d2163c12f4f8d9d9ec66d1bf6791c8f318a53e,chainabuse,1
0x4064202677f9c143b391e1a9d32961f4339a0644,chainabuse,1
0x41cc7bb8a5936a4b33e36e43c0c377ed5a9ce294,chainabuse,1
0xa2682acab74e02200e8fa1da28b8b9524aba8884,chainabuse,1
0x84527b5949d479c879b8dd71cd8f79048cdf6fb8,chainabuse,1
0xb0f563c53fd2f7cb4a589b9f229529f1e22c6c57,chainabuse,1
0xf2af6180b09663c37077f4e7d3d53c47143128aa,chainabuse,1
0xb1a3b8d0de9acd383e1dc0ae39bc1e5f09a16f5f,chainabuse,1
0x188f3f6d43611ec6aa75b271aaacfbb7aa8f53e7,chainabuse,1
0x919d9d3b4c1da9043f9375fefcc2cc3b6b860eeb,chainabuse,1
0xd06d13969cbde1cd8b8514d1cc9042cd768dd891,chainabuse,1
0xbc4ca0eda7647a8ab7c2061c2e118a18a936f13d,chainabuse,1
0x0a256ab03385c2b6021ab616c510ad2e4da028cb,chainabuse,1
0xcbe6c780370cf501edb74461d8ad90037f559126,chainabuse,1
0xacfd4e98e829a24ead6d786c116eda2854d0f1ef,chainabuse,1
0x5930eae74372c5ad9b830ce6cd08ea24aa45389d,chainabuse,1
0x5eee75727d804a2b13038928d36f8b188945a57a,chainabuse,1
0x6084559f088bd83a320bfcc0d1d9a5a123ae15aa,chainabuse,1
0x60e4d786628fea6478f785a6d7e704777c86a7c6,chainabuse,1
0x924cd613428f170e34491b86e7f8b3560efcfe16,chainabuse,1
0x0a17d04c10e0d207afcb689734d2590396d15745,chainabuse,1
0x855226c70a9a78bfcbdad104281c6c5bf5b7959d,chainabuse,1
0xf9fa71eca3defa546c04fc3a36b66702e72fa4a9,chainabuse,1
0x1f9840a85d5af5bf1d1762f925bdaddc4201f984,chainabuse,1
0x2e0e19e2663a33dda1a6623a62bc04b686520cc7,chainabuse,1
0x19e743484b7dc5f34b4ddffcbbca03c833729b67,chainabuse,1
0x6bb78583889bf9380db2206e66e2dcd641fb1f39,chainabuse,1
0x745daf48cfe08a5a9d6a68d57e7ed8b728c0b8a6,chainabuse,1
0x09a44b0a61e4f9054e768ede7456574d8e6f98fd,chainabuse,1
0x8cd64538bd636978e1c70cae11d7b762520e05a5,chainabuse,1
0x5515de03f84c930cdae230de1e98b658d56975c7,chainabuse,1
0xad1546763ea5c3bdf1cba1a395981b11c3e6d41c,chainabuse,1
0x9ee2367e59d819127cca5f24908509bf9fb84b7f,chainabuse,1
0x36b7add81e5301b20885edf1f42f082296f64759,chainabuse,1
0x8c1f3a3f2a37949ef59e2edd32f2b8fef906a3f1,chainabuse,1
0x282465cb7d6b1db6504d4175c7f19f09ff1fe4fe,chainabuse,1
0xdf6e106c538fa44cecf20a033329e1df3d98a57e,chainabuse,1
0xb65d18b91d401224dcf2b072d30c29bc8398463c,chainabuse,1
0xe32759fc9db658bf51b96a960cf2f005dad164cb,chainabuse,1
0xba29e24662c4495151c1349138b25cad25f680e1,chainabuse,1
0xa8eca12621faa15f4aab6e0dc9f3a5b06e6f45b9,chainabuse,1
0x11950d141ecb863f01007add7d1a342041227b58,chainabuse,1
0x17e4e3e9591998ad988627f3a11b61c459568cee,chainabuse,1
0x37b6c005f1a8d86e96d5d6e2e59e44128fc052fd,chainabuse,1
0xea85a5607884198243d7edecb7b5f34d64b15d8e,chainabuse,1
0xc4ec2f6ee3b53dfff7486cfd5b27b98a82c58ee8,chainabuse,1
0x0ebb1a44a5e9d1b33772ee392591e3dac1dc10c3,chainabuse,1
0x91a86d9b16fc358410968ab7afcdd9b7b62d5d5d,chainabuse,1
0xa13d100e4b5571ee076d30350d7d133ffc304c99,chainabuse,1
0x3ddc6189c413d238ce315010199c657ed9c7b9cf,chainabuse,1
0xa49d8519f49ed42fe50afa3e6293f28034b3f272,chainabuse,1
0xedbda3d0ba8345f3b27b3bbaebe736aba010ee58,chainabuse,1
0x76969d7b86962ad757767f091d96aa49d211a720,chainabuse,1
0x6939432e462f7dcb6a3ca39b9723d18a58fe9a65,chainabuse,1
0xb2b4aad7c11467f32520718f54bedbd604a56b9f,chainabuse,1
0x62d480a2771796493eebb03965da676c97f398c9,chainabuse,1
0x07059e0161e21f9fa5d9040400c802b75625840f,scamsniffer,1
0x7e2d35a00d73a534d4d5508e557e0b1c6e60c977,scamsniffer,1
0xf2a56d4a85d9bcfab7a7bc19d7de0217cda8a1b9,scamsniffer,1
0x20ef1664681413d9b0d705eaad72b8f2b43f8047,scamsniffer,1
0xb24929c8d4357e86d396af5b214732cca1b17449,scamsniffer,1
0x0cbab26923816440d1b8bab3f6ad52a6c3e92544,scamsniffer,1
0x46851efa4f3925dca3864ff7e88c9085c3624f27,scamsniffer,1
0xe5e5a2926b282a9b19015b212cf2974bdf5bba08,scamsniffer,1
0xa39fd8ebe1952283ba876da6dc46182f0f047034,scamsniffer,1
0xcc0b488dba202cb0945df6c49a1edd69705cb2b8,scamsniffer,1
0x0c881af3d8f2b2ba4d53fcbb4f2c32a9808a4330,scamsniffer,1
0xa9c4923f7b294ffc73201ef63bd59938d3e9ba89,scamsniffer,1
0x063a2953fb36cc8ebeac80259dd8a1c972ad778a,scamsniffer,1
0x22a44ba7eb45e122b7224db77b79949e09449401,scamsniffer,1
0x0000000d5377bff1cb2e310362d0bbec826fb425,scamsniffer,1
0x0a3f582635b88c8c2fcfdd0a81dc10dff143b76f,scamsniffer,1
0xe65ef4be0d676eb6a126a1438034fd0a55956de2,scamsniffer,1
0xc3205702a9e793d6a23d1bb19f5531632ef0b768,scamsniffer,1
0xf0bfd2bacfe0c2897c9d78918b8e6766e6eb0ccc,scamsniffer,1
0x04c7d61d7c01a685378848d57fb13904aa80143c,scamsniffer,1
0x17d5e51a4270f98c81593989b23b3c9108bf2fcb,scamsniffer,1
0xc85e65f19442eef47e4ac70843c044df4bb5f4c4,scamsniffer,1
0xfd94dad70a782ca5750a698c09dcc45312d375cc,scamsniffer,1
0x0794ebc80b1b8ebd8dd8503c2d3fd752f4e9c080,scamsniffer,1
0xd1b3882c1d9abc78c5fb9b9ea3bafeaa7bba3265,scamsniffer,1
0x5a697967f0791d12db8a0f92344abc6dd07a1c17,scamsniffer,1
0x4becbdf08e5ef5de9939be748c409774f5735b01,scamsniffer,1
0x92133c762fb967c9d9adeafadec07e5a03f4050d,scamsniffer,1
0x428ef7a429979ebde3b8d2b361123703bd998e26,scamsniffer,1
0xc4eeb9157fb4e50f64b964dccf9ca1d6b8545a2b,scamsniffer,1
0xc7fa3982562ffd2fedaa14d120c7710971bd8dce,scamsniffer,1
0x8760513f944be842ffb4888fde71cad1e2a394c3,scamsniffer,1
0x7036520268350667cb5a9be6d40d3218aec88f4f,scamsniffer,1
0xb8dcea5668aacab0e69562bf946022a63ef4a637,scamsniffer,1
0x2b82e507084b2d2dd877af237ad4720e028acfd0,scamsniffer,1
0xcd4d1c5c02a7e6dbaf85bcf504e6b8877cd05a55,scamsniffer,1
0x19b799fca779ed2cbf76c50282bc448ff2071eaf,scamsniffer,1
0xe4b7cee4af5016714dd6294e0ad6bbaf42e52787,scamsniffer,1
0xa4d08225a0b49945020480a99410757efd2dae9b,scamsniffer,1
0x3ceef594d46f605e22ffd3372bfac7131a736d43,scamsniffer,1
0x9a735c231ad994d48929d3d8ce0970fca25c2908,scamsniffer,1
0xbde6e63e7ca2de77d7a3eb9bced7cf504960e83b,scamsniffer,1
0xeb8a76b8c320053f147b4c1483dbe99e9f88641d,scamsniffer,1
0x28d8f1379125a6240768b14757c09c8824356527,scamsniffer,1
0x6ca2d0678c284542da212e12a821ed90c8e5e021,scamsniffer,1
0xfcf92317297a911797849ad1b33e433f22a83202,scamsniffer,1
0xf522fe2f0e786c4206a6b4312f112dbc55bebe79,scamsniffer,1
0x7088e7ad395921c403af490ef282e6f067b827f9,scamsniffer,1
0x821a46f370f173e43d9bf060a91e7a6e5d7a0b36,scamsniffer,1
0xce2183fd7e7d296bb9857b39883aaf6f253b70d6,scamsniffer,1
0x5cfefd4242c339555614f2d5d663ad3b2eea7200,scamsniffer,1
0x2393bffe9281421e29e20b8c5c7c94f867fa2ab4,scamsniffer,1
0x61b03ee8b0016e0e7a0be0597d997de30e3ec7d1,scamsniffer,1
0x8cf6cc426e91b8e7877ddb33d3d2c0a5ee24f6ad,scamsniffer,1
0x61c150ad33833f19a08a0552cf6726966f336bbd,scamsniffer,1
0x0000990a8aca316c931d426e3ac44fa1aae3e995,scamsniffer,1
0xedabd0731d93c68f632360d0cde6e648936474ed,scamsniffer,1
0x8413c544095f7e69d4ad3bfcf4b77deedda0cc39,scamsniffer,1
0x8d8ba23085d156130640cfe8ce69686d6e084a41,scamsniffer,1
0x68c511153fa90d87c98f96d1431bae7c1ce6e90c,scamsniffer,1
0xd688f63104a91e350068938a008f1e28c9602d27,scamsniffer,1
0x8a611494d1d706a07464eca6a206fb67db7a7c8b,scamsniffer,1
0x37a18143a26d4665cd9860a45cbda99a2c5319e2,scamsniffer,1
0xb7690c9a5725699406b91467ce05619fefdbf870,scamsniffer,1
0x7832128ce0d590e8f2c3edfcac5d3b99fe464ae4,scamsniffer,1
0x5a95be03c537253cdfdb43582f7cdbb919dbaa05,scamsniffer,1
0x1b9335f320c9e9448eeec3c97385235ee7d3be24,scamsniffer,1
0x64057d3d4f9e85be89d44aa825438c9e026cf398,scamsniffer,1
0x8b8d8019b2d51f397aa3756c1382f9b8adc57175,scamsniffer,1
0xc95d488dc46af6bb7aafb7a283c627667526a193,scamsniffer,1
0x1d580593135cf0e1079a6d54b7eabbd21b881a3f,scamsniffer,1
0x2a7269050d6f5f134a0988e7b83286b2ee035c20,scamsniffer,1
0xec73a20b2670edba471615fe9c4b0cb2590dc644,scamsniffer,1
0x76ff6574a8d1d39be07d154514a9e2f8230f0b8e,scamsniffer,1
0x442fba69b995867981357adbb5e853ca1c0d4bc4,scamsniffer,1
0xc974913de4a4dcd0749ac1be8f05ed08e7309762,scamsniffer,1
0x3d459f85be2493a31bcc44659ca3c7379793f448,scamsniffer,1
0xa30669c9ddb1cbf1594a923f7eccac8ce0eee7fa,scamsniffer,1
0x57c5603fda50e5d1b9c69398c32cbcca89f845d4,scamsniffer,1
0x19f05e6ddb5f83f7c4152dacb2fd4a617ae6fd43,scamsniffer,1
0x7586983ed3b58e71a5415edd559c1fb210e18db6,scamsniffer,1
0x896d4525d875ccdf0ca9ffde2849fb57ff57abb3,scamsniffer,1
0x5b4ae7d49421705882e999a75ecdfdfe17da7878,scamsniffer,1
0x627a6d79057393f1cbb6b6a7c9b19dac5daed17a,scamsniffer,1
0xc53b0af100deadba0181cce91c79c91a66624849,scamsniffer,1
0xd030308a2ac47d4d7c456acafe9ea4c20fdbebda,scamsniffer,1
0xce846169145904fc4e646f9ac89e37435b51a57f,scamsniffer,1
0xd480b21d93ff4745a2fbaeb5d313a36dcd4be929,scamsniffer,1
0xc422fcf04edd6502cc41583c003a959210653807,scamsniffer,1
0x000000000022d473030f116ddee9f6b43ac78ba3,scamsniffer,1
0x6bb3529bcdf08ff6177f145a5c990d1eff65879a,scamsniffer,1
0x8f583add58c17ac95a0af811749313c32df300cd,scamsniffer,1
0xd613efbccfdc65ba5606061d20fcb0904c224ebd,scamsniffer,1
0x4006b3c6a0d108885aa9e8441c9f33ba2fd4a76c,scamsniffer,1
0x4d8000078f55b3352c093abbf179282ea5739b6e,scamsniffer,1
0x08341214035da979b8ecc6e5ad5fce2b7b9e332d,scamsniffer,1
0x5444e7e26c0574faac6d0e06b1a0f9ea3da564fb,scamsniffer,1
0xbf8c8f20c5fa70de4db53fbaedbc1425884e8c0a,scamsniffer,1
0xcbfbf7f86637dbfbf119fb6fe2cb5da5e6feff39,scamsniffer,1
0x1c83b73a52a29f31542c04a50d63df9d8950649a,scamsniffer,1
0x6f14d48e8013266d6737e9a30178b381a16287b8,scamsniffer,1
0x8b4652bbaefcdde13ed4ff66cb61c2746fb9aad5,scamsniffer,1
0x3e2c915c66470472e69e2a629ce4d177c2a4d081,scamsniffer,1
0x00061f778b5021404f731f597eb6864530a50000,scamsniffer,1
0xdf86b09ac88bf718d8180f661c82d031c105670f,scamsniffer,1
0x026c16f1c9e079621f427d30e4a6ef4500ae1d18,scamsniffer,1
0x63069319cbb5fb3173eeccc78cc26b2b2ce7816e,scamsniffer,1
0xf8c8d81d86a0b7964de2fc2053ab078f304ad013,scamsniffer,1
0x310c0b6f012df4d5b08e47fa8e7bfc78ec88a105,scamsniffer,1
0x2699942b9edca772624cc9ec95ae0725d2708fb3,scamsniffer,1
0x27a2778c60efae6b4bc0d7521fbf05f724f8dc3d,scamsniffer,1
0x25edab152cf8680ce982c303016cfa953de5fb51,scamsniffer,1
0x7cc316e439eb2c4d1b9ebe37edffe0aa16a3053b,scamsniffer,1
0x000008224baff10562ca3c1f4c4870a0becd4d17,scamsniffer,1
0xaf6d18473cd91acbf5c109f12d2126955ebb553a,scamsniffer,1
0x68bd6076f8af20f669c58b4422b20b6dbb2766ae,scamsniffer,1
0xc70f849e0c4fb364a853a1853b6885217033a939,scamsniffer,1
0x101ce0cedd142f199c9ef61739ae59b6611a0fc0,scamsniffer,1
0x89bcc65889cf8dc3b7e508e4e1eead25dcb6583e,scamsniffer,1
0x53370ebfb35a1973444dd263fee9735b14757e65,scamsniffer,1
0xfbe051acf47666a6f23ace6ccd6f63d15def7826,scamsniffer,1
0x99d2d57b485f731b51f6c8ddcb325224d11b74f6,scamsniffer,1
0xd86f378396f9e3adb13c23121f1e16e62e0078a8,scamsniffer,1
0x5581d27d8cc433e50d29298e580a986dd797bab8,scamsniffer,1
0x000fe3b32430f8a493bbf78ea02907a47dc30000,scamsniffer,1
0xc0b932c1837a4d2f56438459c7952bedd2ef74c6,scamsniffer,1
0x93c16289f9dda4cc7d7b0750857864217080dc00,scamsniffer,1
0xcff143a8b4a6127c3d37201e27112ac7f8612d6d,scamsniffer,1
0x1fa47d9a793b9d517eb475a04b00f82b31e8c493,scamsniffer,1
0x37f69728d93ff97f1414035f6b4af7a12c1ae5a9,scamsniffer,1
0xf5fcd49311cfe6c86f576b55c6f89c74af34d7fb,scamsniffer,1
0xf27e6f33c8f4eb551e79d610e347e9959c0ca2a4,scamsniffer,1
0x0a5cc88babd2d1b68c2b857ac9d016bcbc6608f4,scamsniffer,1
0x966d8a5c6a259bdc4b46350f7ee7e569af8a27f0,scamsniffer,1
0x3f47cbccda187733b72ebc8b2a9d3d215f82ab78,scamsniffer,1
0xbf9b4a88dee919ecb9702d84a9fd1f33a282f5b9,scamsniffer,1
0x404c887e2d157718e793fa555556b408dc683262,scamsniffer,1
0x42364069e9cbfb46ab48ab8b02f1418522165e11,scamsniffer,1
0x0038593ce30c2d5547fedd7a20f9f0dccc2d0000,scamsniffer,1
0x398e98b7c19db2f5df086eb4f83624146aa1ab53,scamsniffer,1
0x472e6b8d72cd220802809ce79c68d6c55a4b5947,scamsniffer,1
0x5ae226c5755ca1661715d05139fb8595c9c07235,scamsniffer,1
0x96d983263c0689fc990dfb0853621875c48c049d,scamsniffer,1
0x337d91758621b5da92f01a09debffca762cc47ec,scamsniffer,1
0x5501a55e6141ac36f35222c5b7c62d6b29a4cceb,scamsniffer,1
0xdd2919e355dd49e635caa943ab8ddd495eb1db64,scamsniffer,1
0x8d095ea3a69511ade706ad6fc96044e5554a751d,scamsniffer,1
0xc4b0e6cf56e76e831e13d197705b4ce05c472ddc,scamsniffer,1
0xa2e01fd8f960f01b99d7b0c63c65f9f3cd0629cc,scamsniffer,1
0x270ec8226a9a3ee41433426092906bc8025b1b92,scamsniffer,1
0xfc6bbebeda8626397723ec0a57d6efa7331fde7c,scamsniffer,1
0x1acb3bcc823bfa96084797b59206b7bb4b565319,scamsniffer,1
0x65bb455e9a94622e0856ac55cb8597d108c6fa71,scamsniffer,1
0x82f8b9d44ce0c0503e3ccda4d894839d5467620b,scamsniffer,1
0xf12780fe502839a673c79ac98166abab0bbc1f30,scamsniffer,1
0x059f09b0f3d5fd676bdaa8d42759177a16008925,scamsniffer,1
0x8ddfce3bc5ccc4ebb0b5ebdb1404283f1c25c3e2,scamsniffer,1
0x64ec1cf0f4f315e95a1da0f113240db4a6ea2bad,scamsniffer,1
0xd6998adb67f28447791795054f3f575ed839492b,scamsniffer,1
0x0ee6b037ac4f526f9a47936c4cafc52037ad0fb4,scamsniffer,1
0xfd502d35e47eb08c166d18afc7172083edea9813,scamsniffer,1
0x8b68ecbfafd934efef77c18cb1e3b2daa27c8ccc,scamsniffer,1
0x0c37ce6cbb2c9462c609974a4e9c3dcd9c679f31,scamsniffer,1
0x2977630140ca9885ab8d721d6f1d8dcb95c77e46,scamsniffer,1
0xfc2ce9373bf72ffa8c1d123f2d24deb1fedd6a47,scamsniffer,1
0x6c1e30f27aee1ca2468730c35d5aebdac9c76831,scamsniffer,1
0x5ba9c407e6ffdd566b666b231fd3c0cf62687043,scamsniffer,1
0x205670c5aba92402d1a0932b2ae31e05e85ff2c3,scamsniffer,1
0x0e188570adbe7fb6e9483152d9daa181b1d6fd54,scamsniffer,1
0xa1b8ccad8fbbd508f31974fec72fad675d21f3ce,scamsniffer,1
0x3626efb26783006c97431a3a77ddc4113572a619,scamsniffer,1
0x1133805de803d9af378941a09d22de9634bec3e0,scamsniffer,1
0x1d82a4b90304592427eefac4a375c1ec4abd55db,scamsniffer,1
0x6e901f034457bf3180faf676be7e018778f480c6,scamsniffer,1
0xb2ee777a8bc3b70c34c7f9c3078993d063f5bba0,scamsniffer,1
0x4920a2307e8e8f36b8cfaa006952573dccf29803,scamsniffer,1
0x825a82aa4324d9c271bd232e61a17123541e2293,scamsniffer,1
0x0056772bdf90826648cf25c6977e535733875724,scamsniffer,1
0xf1f0cc47e0886be0837006193b793b6b91b50f99,scamsniffer,1
0xb8ad69d9a9b9b65b90c50d55ca62ac000671dd8b,scamsniffer,1
0x73ee8076e095a37f3bf517cee086b7eb45af99cd,scamsniffer,1
0x41fe63738eeab23a70e38fd1ce10989716eacac8,scamsniffer,1
0x52837cb3b337be6ee968119e7e939b1bf21778fa,scamsniffer,1
0xc4245308ea99b137b29ef6e1c9bcb2aeabe8ba1b,scamsniffer,1
0x076fcd40df29d46a4799a7a64c9cc4cea4eb6802,scamsniffer,1
0x000b35775668bed2c33e5b416b6316a8be5f0000,scamsniffer,1
0x09155e8cbb30b34a0fdc65e8419d6c9d684dbe62,scamsniffer,1
0x4106075f95d04ff988c27917308723adeee749b4,scamsniffer,1
0xaa2b06696c81ff5c7eb8ee93a31ecf4f714f7672,scamsniffer,1
0x8823961049cbfa15d853ac896c45f2f486fd4750,scamsniffer,1
0x52c30cff016658ac43089cb739cf6d6aba138997,scamsniffer,1
0xaff3c27ef6fd5e69af18e3bf32c39edcb48a6f8b,scamsniffer,1
0xb23f665719b9922c787eec70556da3ed050799cc,scamsniffer,1
0x91c5dbf465e8ef6fb34fb1a0393fa4bd7de7e0d7,scamsniffer,1
0x0a5bc150298e8b63ba27849ad2720c651f4719ee,scamsniffer,1
0x22448a2dc22bcf6ba363ed88dfd133aba74df4a9,scamsniffer,1
0x633185b0765a2aa07d64548bf328e8ec18e26eaf,scamsniffer,1
0x4b3c097e9a6d55314bcc6e362f34e3532bf694d3,scamsniffer,1
0x2be45e89c0e51f1101335bf71d9fcc82abd1b0ca,scamsniffer,1
0xe3f473623783c604e21926e57d58ca479c27d8e8,scamsniffer,1
0xac7be03e3a2c30bcc7eec7f10146d41581f4fce2,scamsniffer,1
0x4bf8325e8acb26db5f0d7b618ce111d0444c67ab,scamsniffer,1
0x0c36614d5b794da5918157e0ef104848edd4c71e,scamsniffer,1
0x0000f3b15fce720cc6d0bc915e06bc753ea30000,scamsniffer,1
0xad9b414344b89fe52007234230eb4026aa38f949,scamsniffer,1
0x33bfab8729400924f8bc5989b0bb7b43b8fc6234,scamsniffer,1
0x7467a92e2a0e8f67d79721e3e3d6af9689f35a2e,scamsniffer,1
0x7b56cb817933411939948b1403fcf365faf5cdf4,scamsniffer,1
0xe920078d9c867b202f771506d216b95057ccc3a0,scamsniffer,1
0x5b41ff24331cdc89404bda7656324db2737f28ae,scamsniffer,1
0x8fcf2416e7914760f5fee398bad6d091b31723de,scamsniffer,1
0xdc54ddeae33a65a232622ede8f7e30c7bd0b0f9e,scamsniffer,1
0x6e16eaab989b7951ec46d06b006fcba40b8b6dbf,scamsniffer,1
0x255e330ab2e1fc73b51a5fa4c231bf4facc7642b,scamsniffer,1
0x268dbf85f73732460eb47cfeb067d9e49be49aca,scamsniffer,1
0x43412801d29861ecc4c4d86e5becfd16af86a67b,scamsniffer,1
0x86d557409bbae3be8e489c391b42768434ccb4ae,scamsniffer,1
0xe57ff03ecb646121a3a8b4f56c7dccf9815ba838,scamsniffer,1
0xe258e101a01e84da434e945b295cf02f28d76c30,scamsniffer,1
0xb0f4291c1691d4bebb580487570b3c9772fae261,scamsniffer,1
0x64cf71225ec98a11577fa19ad78251e994a9dac5,scamsniffer,1
0x9efc8fb514bf00b0f7412ee3000d3a6f1c50ced5,scamsniffer,1
0x97dbbca2213607ac880a05f2481c994a387cbee6,scamsniffer,1
0xdcaa3dccf04f1d926fa6860ea9778a923d336fd7,scamsniffer,1
0xb0cf4ac72424849694e564103a00fca02c2b7ea8,scamsniffer,1
0x2f03b9f8289b4736988dcc6a4ed6c2c48d48dffb,scamsniffer,1
0x3d90d8ef295a486605172aea882685bbb371376f,scamsniffer,1
0x1ca08eafe910fd5f940f6bf2d79b9c3074092ad2,scamsniffer,1
0xcdb7889422b2303fef8bed8ee0882aaa35f0a844,scamsniffer,1
0xba9d726d9831b163cf20fd9c6c597121d9a7d433,scamsniffer,1
0xee55dfe9e7a20631ddf015cff6b10309ed553f6f,scamsniffer,1
0xfb1c32fb43fb8bec73f429339e2eef1c50b93046,scamsniffer,1
0x4e1afe1a284e5b39a596e64020a48c2049362c3b,scamsniffer,1
0x5a734556809124ab5ed07344aa8c0114a7554dbd,scamsniffer,1
0x98d0a5b7a3fcb169c6df1c4878d7d1b15ec9bcde,scamsniffer,1
0x312c88f77ab5958c9e67c6cd6518e4e7aff22f8e,scamsniffer,1
0xb1f6ca0379c32804fd17ad573db3078922aaee68,scamsniffer,1
0xbcd2ef59005d063f551d3748e7efb11e00233b67,scamsniffer,1
0xe42e42eb06266d2fab1b8e539792efe26a4c3c2d,scamsniffer,1
0x010d271b8e97d593839d9db18fa8d989e9dbb359,scamsniffer,1
0xbafe6bf76af430c5296b73dc699e655fc13e35a7,scamsniffer,1
0xf9fc55f7a579fcefcdc99aae5bea5912fba72061,scamsniffer,1
0xa0b8518ed085db19d1a550bd1dbec30c18ddd1af,scamsniffer,1
0x5bbd726c0455ade17dea775ef32a5373b38a9a9b,scamsniffer,1
0xde47d6a4e5e8811dff94d9990b9cbd7b98c907da,scamsniffer,1
0xe356a0392813d64666ba90659e0f517ac51fd70c,scamsniffer,1
0xced5341d789c7eb5eb37e528bd7580f731fb4b0d,scamsniffer,1
0xc05abc8f93815182664ef22ced7d221b9366a5a3,scamsniffer,1
0x13c7c338ce7cc7a8aca8711c8e706adb48343836,scamsniffer,1
0x9bfcd424aeea3478ea07c3fb21e3f58b6698ca7a,scamsniffer,1
0xafd6ef16f759ea5cc0fe4bc5d599bfc861359b4c,scamsniffer,1
0x1cc678f4a740aac5598851ef07d71c282bd93603,scamsniffer,1
0xac215225ba9ea6afd71d7d4dad05bec59b1bc560,scamsniffer,1
0xdaab778a37763fd5d72e03d41f514d5d9b867474,scamsniffer,1
0x0efa0d326f127c73b57129bc8d78c70896da89db,scamsniffer,1
0xb26180260067b50f8677f566b2889cd34633f5af,scamsniffer,1
0x46a0097a0e5166391634ea0452a1fccdd36c45a9,scamsniffer,1
0x8336200e11d5ac7c7448b299874ae9d64ffee55d,scamsniffer,1
0x5c327005823406875fef11df769613cbcaa54f10,scamsniffer,1
0xea3c38b8074c46459b12ee920416db19dc0d7753,scamsniffer,1
0xa2b6a7bd0176f137e9978c156593d3597f0a8e40,scamsniffer,1
0x8c297d2505ea666e9e2a5e4c2498ae4956c12a74,scamsniffer,1
0x381ae774b706f156c6ff0f47ab5adaf5cceaf2b6,scamsniffer,1
0x67e16ea3aa6e606d604893063b6934542ca44d27,scamsniffer,1
0xb2931381b0db1cd7d0aa08b8836748b2a10e1f8f,scamsniffer,1
0x6a1595d869f9c517f25c565853ae6de9aa25929e,scamsniffer,1
0x94dec14fe07ca693741e1e28135cd32865832c3b,scamsniffer,1
0x963bbc70151154e8b97f60ad908705188c82b69f,scamsniffer,1
0xd8080d82aab00b5273e3c9b39e059e82d6c5142f,scamsniffer,1
0x9fcd0783ee1f717f8169a7ce1870a7eac4dd0ddd,scamsniffer,1
0x78537cb946e5f852716ce9298d39779d14f39fa9,scamsniffer,1
0x04a735d026c2f384c00f97c07d2e5ac051806626,scamsniffer,1
0xee23459989798bb9fce8291e7011f7cbb3cb1193,scamsniffer,1
0x6dd2f906368fa50133d724d3346d9c5b3c2d17ea,scamsniffer,1
0x08d14aae50b7da86379b7f2c611cb7c4477bd41f,scamsniffer,1
0x19b4e699b2fb833c2a6696bc96ba027c3b5d749c,scamsniffer,1
0x41d2c6e78f53cad7dc630c53d7f7204af1aae322,scamsniffer,1
0x7d4dbfb56a6c8cb9a5d21c0d1d4a078fe0e61a02,scamsniffer,1
0xb6be62b1e06a0bfb17bc7687caa5bf66385b3a7b,scamsniffer,1
0x006bfe806273b9bf223769532332a687d8f6dd11,scamsniffer,1
0xeca888a9f4bc0e52cca10e6f1451fc0d642ae8ba,scamsniffer,1
0xc91f3b858bcc316c96426d0f390df70aa5bee39b,scamsniffer,1
0x27fb936de36c9d226ac32314dca4c354fa794a36,scamsniffer,1
0xa542e87a4d905b9a7a9300ed4a627f4cf5684f41,scamsniffer,1
0x1807823deb1ca3ff5f94640af39c61745dde6dd0,scamsniffer,1
0x39f954c8674009e4bd03c4afb36ccaf1732d3f7b,scamsniffer,1
0x77e0dede447662d6026f8fffa7beddf12f37bcbe,scamsniffer,1
0xdcedeada026a23d3b868b05750f65fe01b791970,scamsniffer,1
0xf4740003307476979ed461cb696bbfb37b480ca1,scamsniffer,1
0x3adef38159b332c279bc8cf4957a93b64e369115,scamsniffer,1
0xf6761f769344a377edac05f75d9dadb90c196c7e,scamsniffer,1
0x541e8d7d97fbdc745d62f4ffeb26aa8ed67371c1,scamsniffer,1
0x3944fb2e694f59129dd6531a0cd1f8c760dd0385,scamsniffer,1
0x51eddcb498b55c8b52792f0de74810fa329a8adb,scamsniffer,1
0x6ae9a3937e9df8bff944ec0307e7d4748533c5f7,scamsniffer,1
0xb6ee99f40aba0454ff8b5e79bd4a7e0cf44529b6,scamsniffer,1
0x2332f426d5ada2f3df0c02fb1775806e5ca5d2b2,scamsniffer,1
0x060ce179fc30f98022228d3694a7d5f71b5c2c3e,scamsniffer,1
0x874b7e504bcf81c83cde69802106750babc78754,scamsniffer,1
0xe6933dffb69e07e3ae6e9202590d01c0a24fdc7e,scamsniffer,1
0xd95889bc28bf3440f34a7e0610e7371247935b09,scamsniffer,1
0x5ca8cecd41c761f7d84c0324a4a017fe2cfb1129,scamsniffer,1
0xb2f571083f3ec5756b9e6b8f473863ff29f9e194,scamsniffer,1
0x0a63054930e47814d9ff6071923011cbb9ae6a78,scamsniffer,1
0x03c4b92f7283f52ad43ef354f709e6778a74b7f4,scamsniffer,1
0xe7cb1c645babf81607d91adeaf266ef8202d165f,scamsniffer,1
0xbde488b4a36afca07a4d330fa7aee7bb8cfbff68,scamsniffer,1
0xae995c8131881243f47dfad0789d5601a5b231be,scamsniffer,1
0x3b1a151b7aaa2e038b45bbe8460395c395fb072e,scamsniffer,1
0x88695c8b4ffdff729942437189780728d1343877,scamsniffer,1
0x6075eb07fc1e2acb47753db3abc9b4ccc4893cc8,scamsniffer,1
0xa2d316e5a1c1fa2e1c8c420e29580da773335678,scamsniffer,1
0x09163f7dfd1817b4b6dafddb2d0f37a18c255187,scamsniffer,1
0x2b5410b12ddaf243872d3b81fd6e457fd1713c4a,scamsniffer,1
0x90066cd9dacbde8e2a2d793f4754f067f73c01d7,scamsniffer,1
0x69b78f6f3cf8e8c59b3c385e416a9dd25311166d,scamsniffer,1
0xb972553b2674707b412d0143b711fcaa9f36bb07,scamsniffer,1
0xce48aedc08088f0e948e441c6f818c463dd87629,scamsniffer,1
0xf17315034bff9a5049148461f4b6c6cbd0e6d844,scamsniffer,1
0x21189d46eb8a64b20bbf3c43800c82eaae2d8050,scamsniffer,1
0x815c49567d6c82f914f653d5b798be6701bae149,scamsniffer,1
0x47bca5a8fe8d395cb6aa974d0e54d8681cb9cf3d,scamsniffer,1
0xc293e3daafaec41af43a7e7a60a537d9e1eb6390,scamsniffer,1
0x1c0f3c356cf02c3afc99ec6f878ffc6f7ea4aac1,scamsniffer,1
0x3cf5d4b5c8df4352fece25fc848a65a280928acb,scamsniffer,1
0xdf0de6986b60bbd4226ecf456c681929d6dac98d,scamsniffer,1
0x73c6222d44e3b4a3664cf82a2dd0ad68005e4c1a,scamsniffer,1
0xb5a57c964ac98b9965b64486198588b06edc17b2,scamsniffer,1
0x379f983f9edba3a4b5055325467000f26df6cc43,scamsniffer,1
0x10f847863ffdbcac1c559f54d2687c19ed31fea7,scamsniffer,1
0xc863fd3cfb0edbd64e85b3470d92aabe62fa5f56,scamsniffer,1
0xd5a03fa3f983ad229cc062d9c74310731bf08f25,scamsniffer,1
0xc12ba780e5338cc010566150acf9554e0dd271ae,scamsniffer,1
0xcbf2b45684aa61085667961a7419ef5bc3187938,scamsniffer,1
0x19da974cebae60a2bc82ba19295c7078290be6d0,scamsniffer,1
0x2c27bf34b9320606cf4b57b65cd58af3390695ce,scamsniffer,1
0x49c755c49559f3141ae50911c25a9d1285fbb7b4,scamsniffer,1
0x6df47cb2d455ce8cfd4c1ffe088e54fb91917b37,scamsniffer,1
0x4ea4bd67af6168fd68a7a4b76e6eb692507f591f,scamsniffer,1
0x38f4bd345108c65f39f42c34d7f29884239e8cdf,scamsniffer,1
0xd7dadbc826664af79319c0b989f02f405ddb0339,scamsniffer,1
0x392054abfd4054aed7c151299da7b2171a11db35,scamsniffer,1
0x4db585f06a2cb9f055770dd49c08dc66a44f68f2,scamsniffer,1
0xfe1e5bee1c157daa26b89b424f150b117c37c858,scamsniffer,1
0x4d9a1d40f4be710aa2a34fc9d101a31668b6d4bd,scamsniffer,1
0x59c4f83aff05e4ea8ab1f00013d6f014aab40acd,scamsniffer,1
0x5dc97e06e0933d6b4c30ef43157193b6a363a483,scamsniffer,1
0x602b210924c3ffe4eb68e8f40325562c277acea2,scamsniffer,1
0x545534d53ce276ecce0395e184a65091d84ab112,scamsniffer,1
0x345e3789538cfb1d5b030cfce8ca18532c871aab,scamsniffer,1
0x1e2a7b0726d3b13a3a5a0a1d20c238034853cdfd,scamsniffer,1
0x492394ca31dd868b859125a681e4ff0fd9cbed95,scamsniffer,1
0x0cc131b43de76a459c3dd0df729df93d35a5bb95,scamsniffer,1
0x1799023a8a7b11ba65c8f4657a4ca17e809c6f8d,scamsniffer,1
0xc8e1c269d2c0754777c500a1af7235b55a570c34,scamsniffer,1
0xf4876c7b6f4a5d50b7f3b8bce8df19c5ec505dbf,scamsniffer,1
0x4c93bf8b19b3bf7b610eb27da8ed94019232088a,scamsniffer,1
0xf2c26e2bb5cbdb6cd6e1573b986a55d9cc1f7e5d,scamsniffer,1
0xf8137be31b516f481e25f4f09f173ec26a5ba649,scamsniffer,1
0xe8f825b6003ef5738f41c2fecb0043112959b64a,scamsniffer,1
0x90ec8a29e113765dc70a23fd8827fb707fe7d341,scamsniffer,1
0xc37e4ec8f4dcc8d322fc54219c3cf115130abb44,scamsniffer,1
0x187b133d24d8f2fd838ad1b91af19ce968528f06,scamsniffer,1
0x888487978cd9a71e049f1c81dd27ee20d63c9cd4,scamsniffer,1
0x43c922deb0827b9f5b1bac648677077a66f108e5,scamsniffer,1
0xc4855e707b5c7546567fa2748c60a51a17efed49,scamsniffer,1
0xd6c2726efa2f71de1e27410992c5fc68526d9576,scamsniffer,1
0x5438c8c41af44ca10340e2a9b2af962396b2a729,scamsniffer,1
0xb329321564c16c74f8df3223ef8c90421d25256f,scamsniffer,1
0x93941d195fcd0ae25ef4182848a2febcd43b5200,scamsniffer,1
0x729f71e2c29fd6d6800a6dfb41b3466244ec7a9a,scamsniffer,1
0x378f9365011fb9b45e7a5db45abda6654ed931af,scamsniffer,1
0x2d0d4214dac7424253b667d1531a1e8a369b6d03,scamsniffer,1
0xdfcd11d7c64b32714b53111515601cdd8ad6fc20,scamsniffer,1
0xd59c700aef88a0219572a9eecea5be0619d305ca,scamsniffer,1
0x5213895e87f9458afb3795f792bf8957b30d4017,scamsniffer,1
0x6e89cdf2622208ad58d10aad6ee0a6e93f777488,scamsniffer,1
0x838259409659f1fcf57134379589e2f749dcd90e,scamsniffer,1
0xc38e595612c0ff8585b64dd36d4cf98a15e0aec6,scamsniffer,1
0xa2c4163e71a75f2e3c9de2aed988f8131d41bb03,scamsniffer,1
0x0000098a312e1244f313f83cac319603a97f4582,scamsniffer,1
0x84a473e105b5d8ec008196864c4379a05a16486b,scamsniffer,1
0xf719ebd6baf5467c00e44e7f0cbfc9f42c3aa4cb,scamsniffer,1
0xe8cdaf69adedcaa61616de3394bcce5c691465e8,scamsniffer,1
0x6f033dce6c3f1dd7af543765aef0cd1a815de569,scamsniffer,1
0x0dc283476228ccefa2129718db45179683c0a7da,scamsniffer,1
0x931153a6dc00198a0d6145ce957ef94f05e69b43,scamsniffer,1
0x63605e53d422c4f1ac0e01390ac59aaf84c44a51,scamsniffer,1
0x3b506006b327d728ab73fe3a8d6885cb6c98c100,scamsniffer,1
0x2603274dd8d851d0015427fbca30cdee77171c05,scamsniffer,1
0x3e47c99c784e681b6a9b84d5ddd039a4b52eaf8d,scamsniffer,1
0xe6eb09a54e5035fc51cb21133e596197d336d3c6,scamsniffer,1
0x00001f78189be22c3498cff1b8e02272c3220000,scamsniffer,1
0xd7000a32931eab1e456c074f0dbf30c7a838857e,scamsniffer,1
0x83eb92c96b5faf64328e787508f6ca511a2dbb23,scamsniffer,1
0x3f528fe76cb1081e85bf181c1605c23cc40bd024,scamsniffer,1
0xf5fc187ed41eb9f6f9ab12849349ef2aff6be334,scamsniffer,1
0x0660e55dca2c44fa9f1716286d81c84c79fb2ac7,scamsniffer,1
0x9c1c46705a729df8bd25154e03a8a57bb28010e5,scamsniffer,1
0x78e3683225d0b049cc3fd8253b0d1acf407d1e4d,scamsniffer,1
0xc1f2b642a0b07271f4b735d088f672930c28ca11,scamsniffer,1
0x7703b35b27a649b3ebd6f0eb93952e36ecc58909,scamsniffer,1
0x6243670b609cb91a6ddcf5cd19195c3628055638,scamsniffer,1
0x1661f1b207629e4f385da89cff535c8e5eb23ee3,scamsniffer,1
0xb9fd92407ab39fd21e139971ed51e932afe863ab,scamsniffer,1
0x8a2695241623923b885f3313ff85c2e5e077bb41,scamsniffer,1
0xa357b8f4ed34dd4fbeb16c4474b4993c06d3314f,scamsniffer,1
0x4ef037081d8adc9907b6a304b1ed38c1929be2b8,scamsniffer,1
0x275dc929ad70dc35e9ccffb476d2f7e3e567aabf,scamsniffer,1
0xa92ddc31b089cc80f05f9ffe7eb2a57abbde545c,scamsniffer,1
0x66c7b75366947f07b5afd7d795833b0a490a6147,scamsniffer,1
0x8ba224b160fdb02000ba8e49d2d6fb2a81869f74,scamsniffer,1
0x5bef9062a8c8c45ca2cdf01d75c8a523458fe989,scamsniffer,1
0x969adf6f99eb2756513bbc5d45605f6fcfbb4bdd,scamsniffer,1
0x0000000f7e71bfbcdae6d29aa49ed557afaef9d2,scamsniffer,1
0x9e3e0c451248520739c4a237dbedefa1062b8658,scamsniffer,1
0x0598e4f1c5c5ad349adbde57bbf58a36267a72e2,scamsniffer,1
0x3f72b979dc53bede7fe26e2d70260d4af3b673a0,scamsniffer,1
0xe656123f5b16f573e6cd97edab5bc6e68477b80f,scamsniffer,1
0x159e93ad0c74a26dfebbf3cabeef7380734b3e66,scamsniffer,1
0xc4be96b279b25520bcfebba763f335fdb8f5b790,scamsniffer,1
0xab12bd1d256d2090fd6bf5ad3fbc3a479abc6c58,scamsniffer,1
0x8ac27603b5c2c31d32bc8b3b6b738420cf36a74e,scamsniffer,1
0x63567f3e97626cb4500506987e2d20bb7584d902,scamsniffer,1
0x246cede4d3bb1aed83fa3a82a3fd5dc0b7e1af3d,scamsniffer,1
0x095c20a07bc1133b8aad3ff5e3583b43dfe5c565,scamsniffer,1
0xbedb9d008c3c2d7a01f3034aefe882b077b64b94,scamsniffer,1
0x0f4807e6a014fd218fb56a78f293f211c466c118,scamsniffer,1
0x692727e99a7b44a6732afb4f9b1def6f25354842,scamsniffer,1
0xc3ce906703ecd1ae84cc24f1dff5cebf8c2462ba,scamsniffer,1
0x0b310ccd59dbadd4a65e8b2833ac64eac1e66926,scamsniffer,1
0x8c27473263f366b9934940a193ca58da550093a9,scamsniffer,1
0x2aa1b5abd060c5ec1078cc201fa168f41c12e6db,scamsniffer,1
0x59fc701f9c8cecb9d0841cb714629ed324e769be,scamsniffer,1
0x10d4763549ca0017522ce286cab5e92e2e3688ac,scamsniffer,1
0x05a8841d3122ff1931d082b593cadda549459538,scamsniffer,1
0x92627cc48a9cfe692e62cf6ddc30fcb11681e7c5,scamsniffer,1
0xd4d5a4fb4c46a6a8b9a7b0ca17be96e1f054bd2c,scamsniffer,1
0x22ba4c9911ff8a34668f6f2df220926116138c38,scamsniffer,1
0x4af1004ef2c3f29cc2bfacf3b1b4a6c204794def,scamsniffer,1
0xa98c09debbfbd49c126dfc6a8192a01b00e10b7a,scamsniffer,1
0xef176f8bd53fa98af209bb1e3c8c12fab4deef98,scamsniffer,1
0x16294eaa2813754a05b0ddf8f86a8ecf3816e200,scamsniffer,1
0xa6a04d05bb2e5ee42206a76e64dd849780c4ffb3,scamsniffer,1
0x7c74dc20f2d9511c0157f2931bdd51c7fdfce7da,scamsniffer,1
0x68b80574cf8733ebeb0f8056820f84f82f76f323,scamsniffer,1
0x13611fcf98a345f460732147863496767fa70ef5,scamsniffer,1
0xeed4088cc77555908f51fee427211d6cb7dd6e2b,scamsniffer,1
0xec6e6043bdc7a2af5c73e599f11dca4b6412dcfb,scamsniffer,1
0xa207d13617e572c708741bcf44b930c3f5e9faac,scamsniffer,1
0xe12d30b77c5bcf56ffb072a73058ae20dd2612be,scamsniffer,1
0x3e79c5266d01791481d4c7041f1b0acf3b448076,scamsniffer,1
0xf475b3fe737d6b2ceb56487c463a1bf22773d30a,scamsniffer,1
0x380dcded7e65d9752f9fb3ae15fb769b9fd32561,scamsniffer,1
0xe9c201331118b497844daba84c55da31fb8b5ee9,scamsniffer,1
0x66efc9f2604dc771d0081111b296a1e98d4f0a57,scamsniffer,1
0x28f3da79570b7a1520bf22bd95bff3677464e4a3,scamsniffer,1
0x3a05a5fe107500c26d550d2420249afee98b1b54,scamsniffer,1
0xdfeeb33be04b53fab2db0c4b429f27680cbb34f3,scamsniffer,1
0x33a8d735e415ac77ef8f3c415cdbc361fb2abf3f,scamsniffer,1
0x2f71039339f18d2f16cccc1292ae6279568d1b68,scamsniffer,1
0xfc0bd7ff03159af1e3fab72a42dd2de3689f3563,scamsniffer,1
0x6dd4f9914236a365785f875e20d320f10b8ca70c,scamsniffer,1
0x1a6187bad385c105147cd1c33031e7b4ff3afda3,scamsniffer,1
0xffca7e0c8ec6b917fcc5986e5f1c9597d4b906f7,scamsniffer,1
0x60e9a36b0c3d256d830a35bea3afa108a600cb48,scamsniffer,1
0x767aadb3629e4a091e2875621f41ee21d3c81b03,scamsniffer,1
0xa8e9d22a920413cd8607dc3f0b274c9f82f2822c,scamsniffer,1
0x0fc2f15cbf46527ef0384d7b4ae28c056814e1bf,scamsniffer,1
0xb74445b68eea267bd16ebdf3325f1b362832c68c,scamsniffer,1
0x7b12810001e183744d03d789fdaab12071981a0b,scamsniffer,1
0x157543a77cb98d97470c498cdac70fc831f59a9a,scamsniffer,1
0x33cf0150e4639893d7932acd038095370a1a24c7,scamsniffer,1
0x8a1b0379e31bc4642f3d63e0c56f39753d4caafb,scamsniffer,1
0xe9564ed7e9b74c236856ffc7a1cb8ddea1a7e36d,scamsniffer,1
0x44354ba8e41d613dd62d58de5b90b26f07b3ff0f,scamsniffer,1
0xa9495019e4f0d142ad72189ec4e4ded61df0fb0f,scamsniffer,1
0x19a963a5676877551446a78065462135ca21a7e3,scamsniffer,1
0xa9cfc982a66d0134fee2539cfd633559fb5cf9a0,scamsniffer,1
0x4afe18cbf1f12bbad712fea55af296a8d54b6c27,scamsniffer,1
0x41c846bab28f32dc12e6ed721b80b524d3810f36,scamsniffer,1
0x719f289c405c28ef8bde2657952367e49506f04c,scamsniffer,1
0xc8034dcee48ff34dd76e26211acc133f3d71510c,scamsniffer,1
0xe3fea8f9c97424e5fad95c11a89baaffb157fc17,scamsniffer,1
0xea90da6dc0f84cb0c6016cf9cdeda9782a46f9d8,scamsniffer,1
0xae8e296e23c1903c7e1b6066698d2b937475c278,scamsniffer,1
0xf66e58ac4dbbc266cd122bbe75158c23051a3fa3,scamsniffer,1
0xb188faf74746822e08c11f8a5a98dc6d21edcf27,scamsniffer,1
0xa0e7959da78b1188604a7f0a3fbaa7150fe2a490,scamsniffer,1
0xb883110e731021cf9c138a031c77e181b7373ffe,scamsniffer,1
0x6c64e13d82980c6ddbc3a9b86165551d0c00a1a9,scamsniffer,1
0xd0c5fa8d30b983f5fa3c925039e7307c034dc4a2,scamsniffer,1
0x8009194614a7b3bca888fc8f994d8545050b9d5e,scamsniffer,1
0xdbd895b56e12e126b52be182412eed8f1398114f,scamsniffer,1
0xadffd82255e316f51871da62d59f5590822988fb,scamsniffer,1
0x5e2904aa79f8df9d427e7026fc5b185fb3b62ebc,scamsniffer,1
0xa9b10d7c4548f4edc24834e0a4f75cb7b54d56a4,scamsniffer,1
0xd0c6f7fcf5203bd37394291028f4ce80acdbabe6,scamsniffer,1
0x4192cfe47d60de1144a4ba5dedf3760730217d2b,scamsniffer,1
0xda666a4a812bce743b08a88e9162bc7ae94eb9c6,scamsniffer,1
0x394a5a96ccc9796ca11b96d3072f05203c8df3d2,scamsniffer,1
0x054964970a75f2819f32095ad9e6e67709092548,scamsniffer,1
0x5015b0cd7085522883295b7d3c68bab3c99d3d64,scamsniffer,1
0xc28d5d922eb85c51b114f35242216ae792f29f16,scamsniffer,1
0xf9e56d2e507cba5d71a2dbec06a03d2700e09a12,scamsniffer,1
0x97b08c191a98be172314234938300afa9a035399,scamsniffer,1
0x0e92c3b88a8c6fbb3374148095308ffcc30fc486,scamsniffer,1
0x8811d963d9a48c66253cbb3d29c81e0115cfe9fc,scamsniffer,1
0x5e19c5c80881fc78003267f8a72b80977ac429dd,scamsniffer,1
0x00009316616f21175ea0046244f684e959570000,scamsniffer,1
0x1cede208f3c070bf8e4b2480c51b2ac42a45102e,scamsniffer,1
0x74c74f8f16bd8b5ccf53b39d4a72f1acc3a051d1,scamsniffer,1
0x33c31054b1d73378c08349c091e90e92654b19af,scamsniffer,1
0xca0498f384e73c8a3fce9183ed5b8b123bd18c3c,scamsniffer,1
0x2c2595c95c54ca39ee54842f9765d7d4514b6a89,scamsniffer,1
0x4ee9241df92e175368fb35dffbab39a82c90d8a9,scamsniffer,1
0x5f00a29882b5683586afd0baa4e22b083b941978,scamsniffer,1
0x7bbee32ecf607aef3a8233a75c167352a9d27c84,scamsniffer,1
0x553932a13e7efa714820b2d72f68f0433d054f8a,scamsniffer,1
0x72b30630c8b29cba0e0142bae1971fc347177caf,scamsniffer,1
0x2ba48341ec5d41e4c40d930c7e3b057bea6146b9,scamsniffer,1
0x8138dd7d6a8818e77a0e5ab4c70d09304aa5f4cc,scamsniffer,1
0x88584b51431e265f3d162af863110259a23ac279,scamsniffer,1
0x109ce844cdc34ebe3c9eef4b1b11a150625227b8,scamsniffer,1
0x386a4a362954a3962768ed9726a0ce3a403d1d32,scamsniffer,1
0x9337fa0f40067b321ad9fbbeadf67b8400e189c3,scamsniffer,1
0xc965465517a9af291041dd54176680d743a8994a,scamsniffer,1
0xde18e75d48bf142fc84ea2cdeae08fdae9102dea,scamsniffer,1
0xd31f1b528d39b320871be5bbd8bae20c888244f2,scamsniffer,1
0x18fc8ea4f1939caba66ac4515c496b62dd5f8f0d,scamsniffer,1
0x021ef692f39a75cee36cb3cf821d83216c638fa3,scamsniffer,1
0x25f97d4d4515e06ee6475af3134cc79a0ab00028,scamsniffer,1
0xf54c8daaa225f4cd6b717c85d9f37ab30e73a8a2,scamsniffer,1
0x753d3f577f95f0acbe21c6c0819ab3c6f61288f6,scamsniffer,1
0x5c851d441fc0a03c844b2bb8a5d1019a409045fb,scamsniffer,1
0xc080a256baa2959ccd8b6a9d879830cdb0877c24,scamsniffer,1
0xffbaf49bf8580a3adb9ba28f46dae6631e2e2c58,scamsniffer,1
0x238881de1e1a5964c55249a9edca99f8da172631,scamsniffer,1
0x2e78a697b848c0f564f8a3be246b40edddf63133,scamsniffer,1
0xbe2105d8e72b70dcbcb5b81696abced1f3ac06fc,scamsniffer,1
0x164e84226882c385940134f5b292cb89bc4feed6,scamsniffer,1
0x2144f0ce790d20d31859772b2ee248a066c8525d,scamsniffer,1
0x55f3d908addd310ee57fd3cf17e445edba6d399f,scamsniffer,1
0x1dab7c71d7414a62807bcc14586d3b82f505c767,scamsniffer,1
0xb6d4674224918220cf75df8ab530759b5af7e7e9,scamsniffer,1
0x753536e5aae0254558d26f8b34b90ce39ece07b2,scamsniffer,1
0x1be4461021e197ef9f08038989c8c124f2213ffa,scamsniffer,1
0x6d5a8ca1eb1ad2e4873b8da3a3c2452635b3da8a,scamsniffer,1
0xb72a82be7c8a11c53e89a00b535e05e4736d12ac,scamsniffer,1
0x0ec3b5af50e2108ac153df21cf07fb38823b48ff,scamsniffer,1
0xaf6ac70fc92952edcfbf253a48c77f731eacdc30,scamsniffer,1
0xe5a1eeca6a9b4b8bb97b2cdb47c5eed796997855,scamsniffer,1
0x132ee5ddf9e93b19000ff2d500179e4723054be8,scamsniffer,1
0xa43890f24aef8c60928253945f04479493e29bcf,scamsniffer,1
0x2c4e0b3e37c6e46304589fdc29b256e6931feea5,scamsniffer,1
0x0ef39ff0d1d649aaa498bb9940d72c0469d0faa3,scamsniffer,1
0x542b18a5c862c02647912ca7347d365577f4f3b2,scamsniffer,1
0xd422b783ea64f4d30c3531daceb31870c9ac2e61,scamsniffer,1
0xf2996b85d5d7f4495ba2fe2331e521ad5091616e,scamsniffer,1
0x87ad7cddb40e3f9203523653a52d8847a0d76b48,scamsniffer,1
0xdb37a36b16214b500b1836243e7880cff7b76b7c,scamsniffer,1
0xb9684e01575e8a0e10993b52b4cb168bcbeb6cb8,scamsniffer,1
0xf1ed1ec325dfb8f58434ee2bb362fd5424ab8796,scamsniffer,1
0xa501568cee4bc7375b453b98cefc714c1a0fe644,scamsniffer,1
0x01fe6f7f910300c31273a75e9492937984b73f5d,scamsniffer,1
0xd9f9300b2e1fa0eaf404d015736021d45af616c0,scamsniffer,1
0x0fe7723b20913600fc7bf462346bb0e99eb7d691,scamsniffer,1
0xfb98172ae8431830fbcb9fe7380cf88985c824a4,scamsniffer,1
0x8b519b3f9bb099e0fe4ebfd27400daa439716473,scamsniffer,1
0x6a0058b2c6b732e3ab09f157a3d63d79faa561b7,scamsniffer,1
0x049d5203af6d3be823a81ccec9a8f9e7dcba78a3,scamsniffer,1
0xb7a21bd92ef7cbedc9753902141fc0c45b90ce70,scamsniffer,1
0xda142632466f164ac5a508e01fc42f6945bcc9a1,scamsniffer,1
0xb03bb5921661c3edbe0e1eeb0cf03c715abd1267,scamsniffer,1
0x9639026be336a0b6e879071beec3f32491425970,scamsniffer,1
0x06473f1fbdf9b7e7368470c838f05c99b462e37b,scamsniffer,1
0xbb4a6855ddfde2670061eb6e5bfcc608f96d6aa6,scamsniffer,1
0x0c54e864a1e938645a2ac3706dc3647ba38a239d,scamsniffer,1
0xb8c5fd7ce79c8b834fddb88d0312af513167f83b,scamsniffer,1
0x5b1fe1319e251f8d8875162b66575a262adf2d73,scamsniffer,1
0x2e02B825813F2040632D41dfD00Fabf82Df25Eff,etherscan,1
0xab667563d81ab99cd3a613622686c93177b07846,etherscan,1
0x9bb881cbe417261199273d6a06c839f2ca78e784,etherscan,1
0x90528e15a6f3f9d6c101d71742e586e716988159,etherscan,1
0xddae2efdea0bc62d08b8c411abf7d81ac52b6f87,etherscan,1
0x730d7e40a1f012ea57e957f5e9736c797b282a36,etherscan,1
0x3e996ce0e1eed5c622a34ec7ffcdc605fd7634dd,etherscan,1
0x05836c14de1bf2ec4428f6ef52fee285d10cba6f,etherscan,1
0x96b31af8cb5c0eab92f44862407ef01332415ff0,etherscan,1
0x1bd0932c7bb0835aa33c5e9e95c94e81b95682d5,etherscan,1
0x999e24446a739f4bfbd6428d9f3059be07730327,etherscan,1
0xed59726967cae93e8acb8e50eef61fd8ed2e10aa,etherscan,1
0x232e2fd91c88f8e2a06acdaa0ed199516ba31efa,etherscan,1
0x2e454234c1f9d1fe712d82cd2e5074e7262cf9f1,etherscan,1
0xa1aee54a6d83671f8854e992fbfc2eaba9c7b674,etherscan,1
0xa49796b195501e19d1522cdf8c1241a69a052ea8,etherscan,1
0xa8be753c7da00f4ab3fdf6a57219b874a0e68b5a,etherscan,1
0xad9939146d36e7185e98ca3af416502cdc1b43f0,etherscan,1
0x19a02cc564e51488a673ab9b433730cac075a1f4,etherscan,1
0x44b77e47516fba045d104adff1744e15b738eb88,etherscan,1
0x77f8e65f424d6dc7c79233c11247c1232cbe6d83,etherscan,1
0xd4be621a4f1588f9ddcabc6ca73940a73b560f18,etherscan,1
0x0a25f149b02d6c02e371f6b09f46905bb1f36a4b,etherscan,1
0x2d58c77814eb7bfc1ee9b739cf580ca15e9ed543,etherscan,1
0x1aFa01D567434482dcb3Ea955b39778589176247,etherscan,1
0xc8839cb37b373c1e33b2255c4bb7686ced623408,etherscan,1
0x95e5f4b0c9f3fc4fcc1fb9ec0ebf1a0b36f912b1,etherscan,1
0xb70f65c1faa2f1160d006b585ebf564781e8dae6,etherscan,1
0xad7f0a2427f93bc8fc178a73ae0d2d188682884f,etherscan,1
0x3218a52709505bbbb4a006b6265f3f7e4cd1f982,etherscan,1
0x673477e1438a0e09ba16e2c56f8a701c3317942c,etherscan,1
0x2cbc78b7db97576674cc4e442d3f4d792b43a3a9,etherscan,1
0x1558c75451edc46ab0d1cbf6eb29c7f64ea08860,etherscan,1
0xe6f6426fb822d738a6b4d9fb3f0abe9daf330dbe,etherscan,1
0x75bf015fd4e45ad82c1e694fb0a48160aa84fc53,etherscan,1
0xc662d15f4f2af94b6f86c8bc9869618e36d803bf,etherscan,1
0xea72ce516f04e759d1c1dda605801247fbd53d0e,etherscan,1
0x4833d40e21a756b6be33d8b9231d404efa9ba6b1,etherscan,1
0xb9ffc64f0c0de762fe3c4ae3ebbd446ac3beb989,etherscan,1
0xbc272a84883905a55043704d6514224e02328cca,etherscan,1
0xf207ba31d96cf56f1e107d8cebf3c08b04e0a0f0,etherscan,1
0xaeacce297d024ae41605caaa0e209112037708e2,etherscan,1
0x58bb1e9bab1746985d46b4b195dd78544d9bee7e,etherscan,1
0xb31d2090633ddcfe4ef676cd2eb38d5d36163ac7,etherscan,1
0x10b8e7ee448ca100bbef385cb075706febded118,etherscan,1
0x59fa8ac4f484a7c4c2c202e0761a1713d0925a16,etherscan,1
0xe059e22f9a4509fec5005391eaf2c0da9049f46f,etherscan,1
0x33e02cc38790a07927c79d1ed75b72bcfb83766d,etherscan,1
0x82b9d87ffd80449ca96ec67c19f5d0631b18d5db,etherscan,1
0x5947cbcfc0c2bc7829a7c3edd0de020f0355b0f9,etherscan,1
0x53a2c5b88ffd3abd6310e6018b56447d9d486902,etherscan,1
0xde09020653ca303cfc143d23a18183299558065f,etherscan,1
0x80191032fb4d309501d2ebc09a1a7d7f2941c8c1,etherscan,1
0x49029d2ded6cbd6a31078cc45e7f58fa79fae02a,etherscan,1
0x3dd59de66e2ad31a7d663df977ddd6e5f2a5f6b6,etherscan,1
0xd0e929ea70a916e53b4606d7ea5280cb0ddaf7d1,etherscan,1
0xe0714d1fec0746747a8dea641f3bc2a97b65e896,etherscan,1
0x926ee893b7a9d9edce57cbb7195f4aa431144db0,etherscan,1
0x93e19334d8a02190476d6e4b680ff3c51efaf182,etherscan,1
0x6dddddfe4147d1e246d22c65c55fdfcb0e9ea6b5,etherscan,1
0x4cbd91fd4ca10e0c5c4410ddd72f7657883add1a,etherscan,1
0xe74634bc44cc9d2132e52d34d571ab5071d09016,etherscan,1
0xc5d9f438ca532ede3651eabb0ebb491cf5963f53,etherscan,1
0x5930fc405ef5e83b4f9ec1928e025a64663bd7d2,etherscan,1
0xc4b19a285d68a085912e7ecd200eb6e8f292c11d,etherscan,1
0x66e057e55571ce60bd920dd4355054fa93e37212,etherscan,1
0x6ae99697df86af04488674c8ad961df0564fc8b1,etherscan,1
0xC0AA32886B824C7DC35454E1ef24F04acc748F0f,etherscan,1
0xfb66dac386b6227bb17cef2eea93536c1712fccc,etherscan,1
0x90731af8fcf3171d33fc0df8def3eedc681bb5ac,etherscan,1
0x475b4738a50f5bd25dcaf84700db6c3066e7958e,etherscan,1
0x97f69ebf1f307425ef23017b3855d02b768c0ce4,etherscan,1
0x0bb5690957d9def9ac09da2e9666cb15a4d43800,etherscan,1
0x1c994a7a8038e52758ff39b9e9fc579fb9bf1c46,etherscan,1
0x0cee5a2f50811df70db34c647ce536bc4891fff6,etherscan,1
0x0EdF3c76F7Ea5b673b9D25684baA6Daa892cC763,etherscan,1
0x4d30774eba5421e79626e747948505fd280e4ac0,etherscan,1
0x014e261afd0bad1b2391909b1641e4eb5c319a7b,etherscan,1
0x9a925f57bacdef5ca5d13ecf08ba9ee55a9b0585,etherscan,1
0xce9b5ff07f47bacf0811bf0dae6580e4987dc2b7,etherscan,1
0x8b77f870ffb1903c0314719b00f0955858655906,etherscan,1
0xd361e29c48841c40506fc6e6211f68a203ec1ef1,etherscan,1
0x6bd8f617ffc253e499e138650142b31158e6420b,etherscan,1
0xbbc7690f4b87bae67cdcb26e9940e1f88082e4d9,etherscan,1
0x74886dd45da313f3d3d32235fed4595827d0865d,etherscan,1
0x51afa730ac699478ba413f987a35e58124e1b842,etherscan,1
0x679115b23b6adbc10389ba738e5bfc951700d662,etherscan,1
0xad7f8558b504927ecc1c00015ef5fb7d0c0b59ed,etherscan,1
0x6261b75c1087198be93f83d09df404d8709843db,etherscan,1
0x12ccf4b7010f5b201c8fda0f880f0ba63b1a88f3,etherscan,1
0xbf7ae6ea0ed53f7ede5bfe1c255c8bf371aa2954,etherscan,1
0x0659724a5293127789660734d64c18254e7dbd18,etherscan,1
0xe9a2cc79e5d707fe23aad7d731fc5ae5b38ac3e5,etherscan,1
0xd4550697fe601bdaed1e591d47a887aa7097400a,etherscan,1
0xfcd6a3dc5a18b12490e4aa087c324dc83d223510,etherscan,1
0x9d02ebb2b9151f655bfec1c8347a65d1429bc434,etherscan,1
0x1588afd4da044a607f3085c0844510a79e3ab0c2,etherscan,1
0x8731bb9bb9adc65650c9ca9fe57f908f82dd7eaf,etherscan,1
0xeeeee101e4d8ddcfcf64e20f0d61c9b04a441f15,etherscan,1
0xe90e5517f4846ed5e1e0aa386dd99184b56ec740,etherscan,1
0xfa27d2868c3472389c50939062ad3d0de59a323f,etherscan,1
0x291ecBB7897A3A11Ae0582183a556927BF45d943,etherscan,1
0x82df38bc7fe685f96ae276a1fe0a363c15207cd7,etherscan,1
0x3a76960a40c255911709801e53d979fa495c7a4b,etherscan,1
0xd2c3d630b77c2a1b080daf11942086ade5700e5d,etherscan,1
0xd403fb0a56c0f70b776ccd5b46312e045728a903,etherscan,1
0xee46993f2443a73db9e3fb0bef956cb5e483f18d,etherscan,1
0x8cd8ffe0873b61df1e21c8175d0e7ca581a7faf2,etherscan,1
0xd6353538ecd546f6ef482bb965c89f88465e0861,etherscan,1
0xbdf39a779085b74c2b33a3a44bf1927e08821802,etherscan,1
0xd61fbdbc346026c08ce3982ff3103cf94d5802e8,etherscan,1
0x48d5e5c6e418891207154588c48df5a23d30fd85,etherscan,1
0xbad759de28618ee641a8c098ee4e79f1a229f7d8,etherscan,1
0xb99843a4b956ea0313883f9a2a2da3ea132a1ae4,etherscan,1
0x94a82e323a8c87dbeb6d474a60a09a9635bbf154,etherscan,1
0x0fe658b0834a3316da5ae0c65450e3465dc6fc82,etherscan,1
0xa1f61ceea3bd4471dc1a094b3cfb22cec6ad020d,etherscan,1
0x3720bfe8fb7d9d05075bd03607818ce00cfd303b,etherscan,1
0x7cda0cda0bead3fd3395faa845badbc8e0d5654b,etherscan,1
0x27ccd7b8ba2608a6711306feb173d2645f69a2f2,etherscan,1
0xbdb3c649e2cc7922e46795dcfaafb864be934543,etherscan,1
0x3dbfa1d1158a165db392f5f7de987c0200482f25,etherscan,1
0x1079061d37f7f3fd3295e4aad02ece4a3f20de2d,etherscan,1
0x6d88bcae643b32b24d33a0cfe265c4f7bbe40069,etherscan,1
0x9ff16dabd9cf526dc6beacca5c311efd1fa7914e,etherscan,1
0x5212fcde5e7dc903230b593e2c0697fcc04b4155,etherscan,1
0xa2c0946ad444dccf990394c5cbe019a858a945bd,etherscan,1
0x4c9d344ad6a0867e3e74968d575cc5711b01e5f6,etherscan,1
0x502e9043457c77d1e0724363c0503c89fb06ed1d,etherscan,1
0xbff00a017ddce450da452780b873ca544aac53e2,etherscan,1
0xc4a941bd540d81247b2b87bab09832704a4407ee,etherscan,1
0xfd0f9735ea0fe7b66d9640779a05399b7721e006,etherscan,1
0x864875aef79b107221bee89c8ff393bd2b666d96,etherscan,1
0x6eee1049278f5fca3d5a9e52aa929652ff3383e8,etherscan,1
0x95df21555fb88c8ca4c2413eb555c08356e369d4,etherscan,1
0x7fb4171497025872789d868685e8ea018e58f8bc,etherscan,1
0x7235b1a45bbf4c089afbec40c463ba93a006693e,etherscan,1
0xf2000037a148ea53d3f9c24f3b8607c847b60091,etherscan,1
0x07c837bc481cd7ed487bea67c01faaaede204ac5,etherscan,1
0x96665f6088eeb1dde18d08b2c34e50f381a5e103,etherscan,1
0x8054952370900355880088763377235896368790,etherscan,1
0x12c22befc4e0c7e00c2c6618a05e93b737ad2df0,etherscan,1
0x62e78cbd132462ae10fe17be563e92f0270bed47,etherscan,1
0x34c48501952a0f73b63ec49379c4ebcdef4ea669,etherscan,1
0x44e4a472b29731c250ba334895e4f4bb0cd1baec,chainabuse,1
0xffb7f339ba7c1788a05c5477094a43101324505c,chainabuse,1
0x43ca3957a188ee03da87d6bed138bcc8d5c3d7a0,chainabuse,1
0x72a57d68fdf3acfe0e26dce9fb169fd0daad6989,chainabuse,1
0x62400e6f524604141970f86f242a9132f875c65a,chainabuse,1
0x263521e1b939734e3bb01b134f4ee74ba3cdedbd,chainabuse,1
0xc989bc96832f4210610d87ec54202cc100c7ad92,chainabuse,1
0x832ea9dadf3ba29aaff64e82f5c48c149920862f,chainabuse,1
0x32ed8d3b941bb5534efc2f25268b71fc201ab90e,chainabuse,1
0x079741913836cdeb4508583344e809ae7c6817d7,chainabuse,1
0x64677f177bc68382fc86714a3ed8f22bc368b7da,chainabuse,1
0xa021f6c9825790d7f3ea13b9153348d6a4ef038b,chainabuse,1
0x12dcdacc59fc86aec2d092dba940fadd3b358e10,chainabuse,1
0x9fc0874efa80670c14248e61590378e487e36b54,chainabuse,1
0x6f70c608d7b39cdf043245a264390dd49b65151e,chainabuse,1
0x9335da37d37bc5d46850eaee48f8b9ccbe94d9a2,chainabuse,1
0x1e0049783f008a0085193e00003d00cd54003c71,chainabuse,1
0x666666b695aa5da76df129d46874dd7756e097c1,chainabuse,1
0xcf2ba037bee45100bcb4081b34e1e8575ef802b0,chainabuse,1
0xe532ed57ddc0292f51af00f1e2ebb11833c5c72d,chainabuse,1
0x69e52f1b21dab8988e39ccec6279cc445484905a,chainabuse,1
0xc3b7b75f50a3100d91f8180d5f715975b1c60b67,chainabuse,1
0x418e0c2b9980c8acc3e57d1179f76b588e5f9402,chainabuse,1
0xa79a098c2957e8084e6e1fbc01f1182400507b74,chainabuse,1
0x9cdce76c8d7962741b9f42bcea47b723c593efff,chainabuse,1
0x26fb1f642260398ada8ddf0c86d0109deeb05e61,chainabuse,1
0x8a0cdd830e8aa184ffacd780fcda90a909bbe742,chainabuse,1
0x26bf8b3e945e9ce1aaa11434aca6823623111acf,chainabuse,1
0xa6e01b0b6f9d38822cab93b813438dc36b1d0bc9,chainabuse,1
0x9b50e535e037547bd6b515801e73cb06f36ba8c4,chainabuse,1
0x171d24b71f3322627c3a766543835b08543118cd,chainabuse,1
0xcc577c130c019529ff1e721f9beea24a7dc1402d,chainabuse,1
0x72fe9a52668283868910a5293f172fff3cb8d65e,chainabuse,1
0x527ad3abe978b2d473814bb163dd10d0f18f7f82,chainabuse,1
0xe432d61a90604aef42c65d2c7f6565006dd29fe6,chainabuse,1
0x9858b922b8d0326d8fe896ac1dac3eb67e1abe4b,chainabuse,1
0x4bee97e8c2c8b0bdbbef5820da202faad6e8bbc7,chainabuse,1
0xc42512c598014d54f1c3e117cbcc9464165bc83f,chainabuse,1
0xc9978435a284e8f65cb4242ef76b082411459228,chainabuse,1
0xc8fe17824bdf7c0fdf7fb63d9f4d0b161a73c2a8,chainabuse,1
0xe0194f47040e2424b8a65cb5f7112a5dbe1f93bf,chainabuse,1
0x9bee64d55862275959ec30127e15e63dcf7df436,chainabuse,1
0x8ca07271e8e1c4de59d1dbac8ed186a792d9bcc4,chainabuse,1
0x73ef9067d7f94c08e93268f0f66cbf6f0bbb57bd,chainabuse,1
0x612875e1943b0ab1620258fc8a8aa842c2acfe0e,chainabuse,1
0x34d85c9cdeb23fa97cb08333b511ac86e1c4e258,chainabuse,1
0x634d9138a6470bf9e8add60a80e4024a717589bd,chainabuse,1
0x26613c2772f9c6e269fbf14de780f82de1894753,chainabuse,1
0x9d0b4eaba4079fe3f3a43986e4572f2f9f201823,chainabuse,1
0x8e25ab3382ad5bde35a09e72d3b9a851a7cc8d00,chainabuse,1
0xc3ae5b4c0935e57b38c4952c1db5157da55affb4,chainabuse,1
